mes;partido_id;eA;eB;ga;gb;res;p1;px;p2;p_o25;p_btts;b1;bx;b2;b_o25;b_btts
2025-06;11874020;France;Spain;1;2;2;0.21797549837827973;0.21988247988926946;0.5621420217324509;0.670698144618487;0.6505821187680458;0.5373108360580374;0.18201587911663022;0.2806732848253322;0.8905601502493073;0.8489788772326803
2025-06;11886369;Argentina;Chile;1;0;1;0.7447964473644676;0.17138152170798865;0.08382203092754374;0.599094626504591;0.46532933157986245;0.6816432962849702;0.22847024062990942;0.08988646308512035;0.40293162272177546;0.33720696784567294
2025-06;11886600;Argentina;Colombia;1;0;1;0.39350749669542273;0.30408026777303626;0.3024122355315409;0.4011117976981678;0.4726185826371156;0.5552056064510383;0.27330089162484833;0.17149350192411322;0.4069431143152455;0.4277604767236044
2025-06;11896617;France;Germany;0;2;2;0.47063760051358783;0.242481614834935;0.28688078465147726;0.6338142705601595;0.646581440391035;0.4829974415778726;0.2081721816302153;0.3088303767919121;0.795600934852961;0.774081736521761
2025-06;12475014;Bahrain;China;0;1;2;0.3690717676998219;0.3119716670176189;0.3189565652825593;0.3783208993763621;0.45588484307882676;0.3542383739302163;0.4398583208793158;0.2059033051904681;0.11148232436127196;0.1937071101734806
2025-06;12475929;Bahrain;China;0;1;2;0.3697597648612161;0.3123361246150102;0.3179041105237737;0.3769902095477142;0.4547266648289987;0.3542383739302163;0.4398583208793158;0.2059033051904681;0.11148232436127196;0.1937071101734806
2025-06;12475935;Australia;Japan;1;0;1;0.39554268600437315;0.27251459086330476;0.331942723132322;0.5255581850225494;0.5723013715456312;0.31760548240451975;0.31789884886874464;0.3644956687267356;0.35926420430255124;0.44016636156950767
2025-06;12475941;Australia;Japan;1;1;X;0.3925779306340657;0.27383718396631207;0.3335848853996222;0.5205046137712969;0.5685754396372498;0.31760548240451975;0.31789884886874464;0.3644956687267356;0.35926420430255124;0.44016636156950767
2025-06;12716813;Brazil;Paraguay;0;1;2;0.43884355066420694;0.2890482021671218;0.27210824716867127;0.44136358741094883;0.49859217200756234;0.2798146780335295;0.28722002107344635;0.4329653008930242;0.45162765414273925;0.5082295748309891
2025-06;12716814;Uruguay;Venezuela;0;0;X;0.6482084589202033;0.22624197546454713;0.12554956561524974;0.49223479768858114;0.44845420002499253;0.494257285002734;0.27705832462270824;0.22868439037455782;0.45447407505012377;0.494632167569224
2025-06;12716815;Paraguay;Uruguay;0;0;X;0.31104445720812474;0.28019960645312114;0.4087559363387539;0.48985425737814614;0.542874641629013;0.17386586216381317;0.26598019220582786;0.560153945630359;0.4338714619285795;0.44939719152020663
2025-06;12716816;Argentina;Chile;3;0;1;0.745441047408213;0.17160611280682114;0.0829528397849657;0.5950457498736991;0.46069229130982453;0.6816432962849702;0.22847024062990942;0.08988646308512035;0.40293162272177546;0.33720696784567294
2025-06;12716818;Ecuador;Peru;1;0;1;0.729861657119088;0.1981418673279742;0.07199647555293766;0.452656800352102;0.3384816888484892;0.5784486179980857;0.4026573851281778;0.018893996873736555;0.07347544188528878;0.03095572085743718
2025-06;12716820;Bolivia;Venezuela;4;0;1;0.2794084086935826;0.255693905736064;0.4648976855703533;0.5737031459300035;0.6001265251663143;0.01395227168163247;0.0816163450388827;0.9044313832794849;0.6190295869901296;0.21605327440008829
2025-06;12716821;Argentina;Colombia;1;2;2;0.3942759790696602;0.3043082135398264;0.30141580739051327;0.4000858965136368;0.4716741426196936;0.5552056064510383;0.27330089162484833;0.17149350192411322;0.4069431143152455;0.4277604767236044
2025-06;12716824;Colombia;Peru;1;1;X;0.8203810730675409;0.14113016053283237;0.03848876639962689;0.5288769186191535;0.2961430431827187;0.76910838333409;0.20762250658248305;0.02326911008342687;0.273000031713576;0.10579352984666943
2025-06;12716825;Bolivia;Chile;2;1;1;0.26596877101517674;0.27565148473596907;0.4583797442488543;0.48674151177656433;0.5315847513943907;0.012909448668917196;0.07535719118604697;0.911733360145036;0.6415260497973286;0.22051741019918894
2025-06;12716834;Brazil;Ecuador;1;0;1;0.3804654541113753;0.3062862574060391;0.3132482884825855;0.3961532512128042;0.4698417707457155;0.07857712754641456;0.2760558212221656;0.6453670512314198;0.26159336724229204;0.22489558647748248
2025-06;13157876;France;Germany;2;0;1;0.47364208266307944;0.24184855998542118;0.2845093573514992;0.6351122889929168;0.6470053525689698;0.4829974415778726;0.2081721816302153;0.3088303767919121;0.795600934852961;0.774081736521761
2025-06;13157877;Portugal;Spain;7;5;1;0.30174221831573994;0.23727211423112554;0.46098566745313446;0.664439881425163;0.6724743194083745;0.36869404238843384;0.2041352270846631;0.4271707305269031;0.832223396448003;0.8097865118021773
2025-06;13157878;France;Spain;4;5;2;0.22269025261912234;0.21946431258554538;0.5578454347953324;0.6779721794975624;0.6582412424647899;0.5373108360580374;0.18201587911663022;0.2806732848253322;0.8905601502493073;0.8489788772326803
2025-06;13157879;Germany;Portugal;1;2;2;0.29620607122591186;0.27208301348159686;0.43171091529249117;0.5161351565172932;0.5605605212394815;0.44512146010955805;0.22690330820043272;0.32797523169000925;0.7212551506922164;0.7192937817887811
2025-06;13343376;Costa Rica;USA;0;3;2;0.18327003735374528;0.2582567044699669;0.5584732581762877;0.47294794847521004;0.4846108664341345;0.35656803788457736;0.32153203680008335;0.3218999253153393;0.34851298009572784;0.4314836765945088
2025-06;13755494;Costa Rica;Mexico;0;0;X;0.1275114896957786;0.24453653943601;0.6279519708682115;0.43202819774715845;0.4073493982739457;0.1460943042454808;0.38412389347450665;0.46978180228001243;0.15468075737944428;0.21167741555054254
2025-06;13755513;Haiti;USA;1;2;2;0.38185724497688095;0.26074282081773587;0.3573999342053832;0.5784451561057813;0.6138523588329402;0.9509013002422249;0.03862470188726353;0.010473997870511478;0.8641839772605359;0.3941715251311884
2025-06;13856220;Paraguay;Uruguay;2;0;1;0.305644731298763;0.2790596968762257;0.4152955718250112;0.4925229160346672;0.5441733138748857;0.17386586216381317;0.26598019220582786;0.560153945630359;0.4338714619285795;0.44939719152020663
2025-06;13856221;Brazil;Ecuador;0;0;X;0.3820061379321601;0.3056597077395628;0.3123341543282771;0.3980787247582915;0.4712998260150375;0.07857712754641456;0.2760558212221656;0.6453670512314198;0.26159336724229204;0.22489558647748248
2025-06;13856222;Colombia;Peru;0;0;X;0.8177818358870125;0.1432092978902021;0.03900886622278545;0.5230801901654154;0.2943434620942762;0.76910838333409;0.20762250658248305;0.02326911008342687;0.273000031713576;0.10579352984666943
2025-06;13856223;Argentina;Chile;1;0;1;0.7408762794388081;0.1733374666371826;0.08578625392400914;0.5973101766161351;0.4676123554223391;0.6816432962849702;0.22847024062990942;0.08988646308512035;0.40293162272177546;0.33720696784567294
2025-06;13856224;Argentina;Colombia;1;1;X;0.3968367325050974;0.30408612832469933;0.2990771391702033;0.400192057909381;0.4714475415819187;0.5552056064510383;0.27330089162484833;0.17149350192411322;0.4069431143152455;0.4277604767236044
2025-06;13856225;Bolivia;Venezuela;0;2;2;0.2751560223402101;0.2554340664965549;0.46940991116323505;0.5721581540657787;0.5979183777426826;0.01395227168163247;0.0816163450388827;0.9044313832794849;0.6190295869901296;0.21605327440008829
2025-06;13856226;Ecuador;Peru;0;0;X;0.7297229767800367;0.1980070247225122;0.07226999849745111;0.454006790071899;0.33995211578456686;0.5784486179980857;0.4026573851281778;0.018893996873736555;0.07347544188528878;0.03095572085743718
2025-06;13856227;Bolivia;Chile;2;0;1;0.2636760134211589;0.27598424778690994;0.4603397387919312;0.4840849816127333;0.5289477303829028;0.012909448668917196;0.07535719118604697;0.911733360145036;0.6415260497973286;0.22051741019918894
2025-06;13856228;Uruguay;Venezuela;2;0;1;0.6433594761106971;0.22796818513117564;0.12867233875812742;0.4924302038314717;0.45210082525242073;0.494257285002734;0.27705832462270824;0.22868439037455782;0.45447407505012377;0.494632167569224
2025-06;13856229;Brazil;Paraguay;1;0;1;0.4386753953519764;0.2894393173453379;0.27188528730268574;0.439872664973939;0.4973916522538242;0.2798146780335295;0.28722002107344635;0.4329653008930242;0.45162765414273925;0.5082295748309891
2025-06;13888378;Mexico;Switzerland;2;4;2;0.3586456473336518;0.2850445747858213;0.3563097778805269;0.47792744645350427;0.536576270048231;0.5630246161791995;0.286781875904987;0.15019350791581357;0.3406457145026951;0.36215632556383404
2025-06;13888415;Mexico;Türkiye;1;0;1;0.338434624717555;0.28508052814891116;0.3764848471335337;0.476689648724283;0.5351492015178776;0.5085149574193336;0.3106531767409792;0.18083186583968716;0.31088112459846357;0.36073859040765216
2025-06;13974681;Switzerland;USA;4;0;1;0.4205929875470557;0.29017339550640314;0.28923361694654115;0.4450807419442165;0.505056491837346;0.3962616096217092;0.2512080888929506;0.35253030148534004;0.619497664537212;0.6446883933057227
2025-06;14000199;Costa Rica;USA;5;6;2;0.17937947507715812;0.2558494559484541;0.5647710689743878;0.476435398208433;0.4846015026847557;0.35656803788457736;0.32153203680008335;0.3218999253153393;0.34851298009572784;0.4314836765945088
2025-07;11740251;China;South Korea;0;1;2;0.13164740331413444;0.2473438652889066;0.621008731396959;0.4303979774749613;0.41058991318428445;0.06373441488937662;0.2876876116084215;0.6485779735022019;0.21818747249381268;0.17381299997861538
2025-07;12475938;China;Japan;1;3;2;0.06654767864256741;0.17831384285344595;0.7551384785039866;0.5068915240798502;0.36345587614642066;0.051879361897036014;0.2454554837446426;0.7026651543583213;0.271847178832028;0.18271527402211196
2025-07;12475948;China;Japan;0;7;2;0.06657856237505656;0.17706306750182216;0.7563583701231211;0.5119192737081484;0.3669868679415933;0.051879361897036014;0.2454554837446426;0.7026651543583213;0.271847178832028;0.18271527402211196
2025-07;12749524;Mexico;USA;2;0;1;0.4283855255347211;0.2966422356233152;0.2749722388419637;0.4164648100564077;0.47996989807176527;0.5018201492211041;0.25928926879782616;0.2388905819810696;0.5294437306978594;0.5546880790553635
2025-07;13938605;China;South Korea;0;3;2;0.13119907677443537;0.24630795009146758;0.6224929731340969;0.4330113323044022;0.4120034741175955;0.06373441488937662;0.2876876116084215;0.6485779735022019;0.21818747249381268;0.17381299997861538
2025-07;13938608;China;Japan;0;2;2;0.06625899562288039;0.17768123327749552;0.7560597710996241;0.5082752293344873;0.36374306537511486;0.051879361897036014;0.2454554837446426;0.7026651543583213;0.271847178832028;0.18271527402211196
2025-07;13938610;Japan;South Korea;1;0;1;0.3706576170441399;0.29420327023312465;0.3351391127227356;0.4418935061708833;0.5077505633960178;0.37723520602801414;0.326528690464841;0.29623610350714474;0.32988041973993604;0.4138232374441179
2025-07;14000197;Guatemala;USA;1;2;2;0.1274084967034375;0.22800635608973877;0.6445851472068239;0.4896525827587945;0.4486910352233785;0.47330010435970893;0.20680864259292583;0.31989125304736515;0.8065944286063168;0.7845342337933922
2025-07;14000202;Mexico;USA;2;1;1;0.42468384865868186;0.29760696814105686;0.2777091832002612;0.41440738012896966;0.47895388390079674;0.5018201492211041;0.25928926879782616;0.2388905819810696;0.5294437306978594;0.5546880790553635
2025-08;11275784;Lebanon;Qatar;0;3;2;0.27743105259307854;0.31144318081671934;0.41112576659020195;0.36946117554042635;0.44331830543112644;0.3129429311229602;0.3344386847421949;0.3526183841348449;0.3101882340255544;0.39856145499038464
2025-08;14085014;Algeria;South Africa;1;1;X;0.5565779486420624;0.23979282703889598;0.20362922431904168;0.5697050583255132;0.5681412426208569;0.2951135555102408;0.2832100183467565;0.4216764261430026;0.4729033212987802;0.5275059305082134
2025-08;14530390;Lebanon;Qatar;1;0;1;0.27682264167563225;0.31155240867569434;0.4116249496486736;0.36889772000530935;0.4427470906733479;0.3129429311229602;0.3344386847421949;0.3526183841348449;0.3101882340255544;0.39856145499038464
2025-09;11518405;Chile;Uruguay;1;3;2;0.10952492953889996;0.21231282872412865;0.6781622417369714;0.5075105924097453;0.43952305213031795;0.15760426359053858;0.27743735226142874;0.5649583841480328;0.3764579290543892;0.39476946698185084
2025-09;11703157;Australia;New Zealand;2;0;1;0.5007314684404403;0.2944522488959733;0.20481628266358648;0.376788188066282;0.4247868285520898;0.5711073425407143;0.26032025788989965;0.16857239956938574;0.4458677778032719;0.45444760789253114
2025-09;11884152;Colombia;Venezuela;1;0;1;0.6847338891408069;0.21756113728564708;0.09770497357354622;0.4584197035371185;0.3877768054432413;0.52186049968848;0.291319072202208;0.18682042810931201;0.3691601271559105;0.4092205749088242
2025-09;11886594;Argentina;Ecuador;5;3;1;0.4643182697341284;0.26846211356834637;0.26721961669752525;0.5149811099606556;0.5531594998183028;0.2834641429218251;0.5465896274508374;0.16994622962733744;0.04118380779493601;0.09985129590441348
2025-09;12183480;Cabo Verde;Mauritius;1;0;1;0.5764361890695793;0.26428635475575424;0.1592774561746662;0.41951424197629444;0.4279168809985796;0.3338783166247819;0.44696676528974794;0.21915491808547016;0.10653368325403864;0.19090629327958591
2025-09;12183507;Cabo Verde;Mauritius;2;0;1;0.5747615697203652;0.2653145939224846;0.15992383635715013;0.41710062081622323;0.42665235971542537;0.3338783166247819;0.44696676528974794;0.21915491808547016;0.10653368325403864;0.19090629327958591
2025-09;12258884;Argentina;Ecuador;1;0;1;0.46839323874828276;0.26782286805127653;0.26378389320044077;0.5152445758549116;0.5523964112250519;0.2834641429218251;0.5465896274508374;0.16994622962733744;0.04118380779493601;0.09985129590441348
2025-09;12340923;Bolivia;Colombia;0;3;2;0.058524666187606315;0.19510797862227983;0.7463673551901139;0.41815379050520307;0.28583374454882327;0.060732104665476704;0.1414345808333792;0.797833314501144;0.6433657410538269;0.4480170161352993
2025-09;12851461;Ecuador;Paraguay;0;0;X;0.38421200860381816;0.3038406576398811;0.31194733375630096;0.4041480972370071;0.4761157964197837;0.34075888804289706;0.536636186443153;0.12260492551394997;0.04135520259568072;0.08814148411934848
2025-09;12851462;Brazil;Chile;2;1;1;0.6485965628062882;0.23545991461395582;0.115943522579756;0.4392787764027304;0.3991374986805427;0.3293338435418201;0.3321253736638616;0.33854078279431826;0.31765673385630766;0.4055506182144844
2025-09;12851463;Peru;Uruguay;1;0;1;0.0885693879101084;0.2229383037957147;0.688492308294177;0.4171030420750095;0.34477686060554424;0.04841895202816791;0.36962984298877605;0.5819512049830562;0.1109279319340396;0.08868046353839547
2025-09;12851466;Bolivia;Colombia;1;0;1;0.05893050265800392;0.1948203140167172;0.7462491833252788;0.42046739686094553;0.2882840040471631;0.060732104665476704;0.1414345808333792;0.797833314501144;0.6433657410538269;0.4480170161352993
2025-09;13233451;Finland;Poland;2;1;1;0.28739248045990573;0.2579622516688667;0.4546452678712276;0.5688884201247963;0.5983700311342036;0.40278531787124033;0.24197982299071263;0.35523485913804687;0.6608335015549456;0.6759892864311469
2025-09;13233453;Kazakhstan;Wales;0;1;2;0.22649307317617778;0.2484443796382994;0.5250625471855227;0.5607110058768264;0.5727530589421712;0.029997698156886795;0.16031474284941755;0.8096875589936956;0.41373516309899244;0.1952581062093796
2025-09;13233485;Finland;Poland;1;3;2;0.2923483196534882;0.2596549158804104;0.44799676446610137;0.5644807080736968;0.5961134291249487;0.40278531787124033;0.24197982299071263;0.35523485913804687;0.6608335015549456;0.6759892864311469
2025-09;14169214;Paraguay;Peru;1;0;1;0.5987155232358429;0.2583456516645065;0.14293882509965053;0.41392327127909967;0.4097761808352222;0.4074974525555634;0.5210670373070745;0.07143551013736205;0.04026852637408612;0.06308844085635526
2025-09;14169216;Ecuador;Paraguay;0;0;X;0.3834995523766329;0.30462315023629993;0.3118772973870673;0.40148136928657985;0.473978760048195;0.34075888804289706;0.536636186443153;0.12260492551394997;0.04135520259568072;0.08814148411934848
2025-09;14169217;Bolivia;Colombia;0;3;2;0.057593920462795406;0.19262832851482925;0.7497777510223752;0.422962834907859;0.28661784932328666;0.060732104665476704;0.1414345808333792;0.797833314501144;0.6433657410538269;0.4480170161352993
2025-09;14169218;Argentina;Ecuador;0;1;2;0.468135055451663;0.2679051127321265;0.2639598318162107;0.5150412219093083;0.5522943656186069;0.2834641429218251;0.5465896274508374;0.16994622962733744;0.04118380779493601;0.09985129590441348
2025-09;14169219;Brazil;Chile;3;0;1;0.6503405582222512;0.23447900859533294;0.11518043318241601;0.4409699882689394;0.39939766238049323;0.3293338435418201;0.3321253736638616;0.33854078279431826;0.31765673385630766;0.4055506182144844
2025-09;14169220;Bolivia;Brazil;1;0;1;0.08388560397198003;0.19401940709626014;0.7220949889317596;0.5056852330184706;0.3979989642423304;0.20108873757133244;0.2595517276583143;0.5393595347703531;0.4901328393107753;0.5080090661335462
2025-09;14169221;Peru;Uruguay;0;3;2;0.08856559980810007;0.22191586276108585;0.6895185374308143;0.4203838933881894;0.3470174466896016;0.04841895202816791;0.36962984298877605;0.5819512049830562;0.1109279319340396;0.08868046353839547
2025-09;14169222;Chile;Uruguay;0;0;X;0.11041873702667883;0.20817922263187713;0.6814020403414442;0.5257236220921792;0.45383775901123413;0.15760426359053858;0.27743735226142874;0.5649583841480328;0.3764579290543892;0.39476946698185084
2025-09;14169223;Colombia;Venezuela;6;3;1;0.6861461000353218;0.21661297731362716;0.09724092265105115;0.46055904016377336;0.3885725611902556;0.52186049968848;0.291319072202208;0.18682042810931201;0.3691601271559105;0.4092205749088242
2025-09;14553325;South Korea;USA;2;0;1;0.3929580342893683;0.26140716086592214;0.3456348048447096;0.5742696635871983;0.6101876372789596;0.6794360936265487;0.2090032623562019;0.11156064401724938;0.5253834349022755;0.4551210872083901
2025-09;14553329;Japan;Mexico;0;0;X;0.29842847979028964;0.28388334032705526;0.41768817988265505;0.47163435872956816;0.5270862385534056;0.5324911898700581;0.29532210331719394;0.17218670681274803;0.3427358577899916;0.37993611191395615
2025-09;14553330;Australia;New Zealand;3;1;1;0.5031618600719098;0.29316925803446686;0.2036688818936234;0.3796520555296969;0.4264120284327186;0.5711073425407143;0.26032025788989965;0.16857239956938574;0.4458677778032719;0.45444760789253114
2025-09;14553332;Japan;USA;0;2;2;0.4833278713533274;0.2930416975833755;0.22363043106329714;0.39675668386582236;0.4486634672029293;0.811759542038621;0.12659854189812755;0.061641916063251395;0.7218387435171641;0.5141087628679115
2025-09;14553333;Australia;New Zealand;1;0;1;0.5027686022980539;0.2932738204626761;0.20395757723927;0.3795928460415058;0.4265113793125152;0.5711073425407143;0.26032025788989965;0.16857239956938574;0.4458677778032719;0.45444760789253114
2025-09;14595237;Canada;Wales;1;0;1;0.6647917450156138;0.22124399382061258;0.1139642611637736;0.48483850684260243;0.4291334688255446;0.18614821489730018;0.30056774779298356;0.5132840373097162;0.3422093637940882;0.3881700148871996
2025-09;14605760;Bahrain;Qatar;2;2;X;0.28103936954074954;0.3013277097378407;0.41763292072140984;0.4033086178224975;0.4709249687780089;0.1194019138657711;0.26974035369914623;0.6108577324350825;0.34262325452856307;0.33427974718561093
2025-10;11797964;Cabo Verde;Eswatini;2;0;1;0.49977150966990486;0.29363931817756755;0.20658917215252764;0.3808070953893022;0.4287431416792791;0.665152179860896;0.27170943608201087;0.06313838405709331;0.2440898632175347;0.18847984016361338
2025-10;11884247;Colombia;Mexico;3;2;1;0.45766255787566656;0.284738716214621;0.25759872590971233;0.4484529208172686;0.500178653365812;0.3225285610376455;0.3378164114636562;0.33965502749869825;0.30161662847124165;0.39152137939542103
2025-10;11886364;Ecuador;Mexico;0;0;X;0.3540837564214026;0.2981289235930292;0.34778731998556817;0.4283118155650475;0.4973118560802919;0.19288927218530905;0.46638641489574795;0.34072431291894295;0.08689205502660015;0.16314138782782522
2025-10;12183365;Mauritania;Senegal;0;4;2;0.07792741249018804;0.21903959522617159;0.7030329922836404;0.40155867002586865;0.31583309010490174;0.04263458155058834;0.35791694037577865;0.5994484780736331;0.11602348654564602;0.08316745104007531
2025-10;12183381;Algeria;Uganda;2;1;1;0.6376907414305856;0.23166469470405124;0.13064456386536333;0.4829119049999141;0.44738325635741294;0.5417399609658763;0.23995082843877175;0.21830921059535183;0.5864571996121449;0.5880336952852274
2025-10;12183384;Botswana;Guinea;2;2;X;0.3661462804457356;0.30425850447010183;0.3295952150841625;0.40546166717526927;0.4784747385130869;0.08749371348884624;0.3035392842133612;0.6089670022977927;0.22439005776772458;0.2125720468392363
2025-10;12183390;Cabo Verde;Eswatini;3;0;1;0.5084080137379827;0.2900445276073845;0.20154745865463275;0.3872710177007164;0.4311569019475275;0.665152179860896;0.27170943608201087;0.06313838405709331;0.2440898632175347;0.18847984016361338
2025-10;12183402;Botswana;Uganda;0;1;2;0.3482401538524342;0.29823255136185395;0.35352729478571177;0.42794260753996083;0.4970200766211186;0.07262699977909766;0.17146851744276362;0.7559044827781387;0.5578155045504217;0.4127310492827059
2025-10;12183407;Guinea;Mozambique;2;1;1;0.37456174865160496;0.31155215523720275;0.3138860961111922;0.37890674671600166;0.45597369766019374;0.5422088427487137;0.3342500987121592;0.12354105853912689;0.2111368922730091;0.24130899041013384
2025-10;12183413;Angola;Eswatini;2;2;X;0.28667083650887826;0.33146190107332835;0.38186726241779345;0.3139783473859108;0.39925194668283753;0.42414786495918605;0.37512952795040666;0.20072260709040712;0.19183590113316673;0.27102196323131256
2025-10;12183423;Senegal;South Sudan;5;0;1;0.605604308529785;0.25357890058166216;0.1408167908885529;0.4258816729479537;0.4164758798909728;0.8470374403584703;0.13229243790833703;0.020670121733192603;0.45523682157829076;0.17331512489834539
2025-10;12183473;Angola;Eswatini;1;0;1;0.2885028971651912;0.3325511939383516;0.3789459088964576;0.31143918844170654;0.3973535334501325;0.42414786495918605;0.37512952795040666;0.20072260709040712;0.19183590113316673;0.27102196323131256
2025-10;12851464;Argentina;Venezuela;1;1;X;0.7704658099833958;0.17011943437390467;0.05941475564269972;0.5110256829697404;0.34901223649393553;0.7147120982810492;0.20403733781528843;0.08125056390366237;0.4606129055585035;0.36188349639640827
2025-10;13233431;Austria;Romania;2;1;1;0.6663337426090528;0.22612663361747729;0.10753962377346991;0.45253770064236;0.397698830938551;0.8294872208299608;0.11837528097865847;0.05213749819138058;0.7163713403448282;0.48291096168471104
2025-10;13233433;Finland;Netherlands;0;2;2;0.05672385745241931;0.15713349997796375;0.7861426425696169;0.5529647518796224;0.3708334688508887;0.05011175519758533;0.09490381036900127;0.8549844344334133;0.8330217646734929;0.5891132951674863
2025-10;13233481;Germany;Northern Ireland;3;1;1;0.7543819996501326;0.16898213339511334;0.07663586695475404;0.5836054255786589;0.4398549659612879;0.8600204074371751;0.09457336257180891;0.04540622999101586;0.8085961333829785;0.5478033338763418
2025-10;13233583;Hungary;Portugal;2;3;2;0.06234702030658718;0.1644819316093102;0.7731710480841026;0.5462859497750324;0.38078506752702146;0.03433740619515019;0.09034410533139293;0.8753184884734568;0.7599437058295783;0.45593482293391285
2025-10;13233627;Austria;Romania;0;1;2;0.6673539896424638;0.22558569317188673;0.10706031718564933;0.4532948582804842;0.39758390543071015;0.8294872208299608;0.11837528097865847;0.05213749819138058;0.7163713403448282;0.48291096168471104
2025-10;13233629;Finland;Netherlands;0;4;2;0.05639889681675443;0.15773388529615776;0.7858672178870878;0.5489217801360383;0.3671183134315046;0.05011175519758533;0.09490381036900127;0.8549844344334133;0.8330217646734929;0.5891132951674863
2025-10;13233633;Germany;Northern Ireland;1;0;1;0.7549133429318758;0.16940110439068154;0.07568555267744238;0.578223637379282;0.43395943354302974;0.8600204074371751;0.09457336257180891;0.04540622999101586;0.8085961333829785;0.5478033338763418
2025-10;13233642;Hungary;Portugal;2;2;X;0.0618028358623717;0.16514863416736722;0.7730485299702612;0.541204439604308;0.3758643234499128;0.03433740619515019;0.09034410533139293;0.8753184884734568;0.7599437058295783;0.45593482293391285
2025-10;14085007;Algeria;Uganda;3;0;1;0.6304965653237942;0.23387025666794292;0.13563317800826286;0.4847525994967813;0.4539734055659508;0.5417399609658763;0.23995082843877175;0.21830921059535183;0.5864571996121449;0.5880336952852274
2025-10;14169215;Argentina;Venezuela;3;0;1;0.7743142559262187;0.16825731782956277;0.05742842624421842;0.5101314304962572;0.3432481343625248;0.7147120982810492;0.20403733781528843;0.08125056390366237;0.4606129055585035;0.36188349639640827
2025-10;14206121;Oman;Qatar;0;0;X;0.35613670822973814;0.2815023290199112;0.36236096275035073;0.4919481693210706;0.5475094964328834;0.28406904652317555;0.22930606642209286;0.48662488705473167;0.689144861705176;0.6872842184374628
2025-10;14206123;Oman;United Arab Emirates;1;2;2;0.38452594283549885;0.29108127478170953;0.32439278238279184;0.45188650648387424;0.5149184448353261;0.43718333102833823;0.3441262586688299;0.21869041030283198;0.25793933739676145;0.33534714704445406
2025-10;14206125;Qatar;United Arab Emirates;2;1;1;0.40186185856899925;0.29038569362373995;0.3077524478072608;0.45059620417020874;0.5121940728917213;0.4704843210782715;0.3670458796362594;0.16246979928546926;0.18656291051913637;0.24874876670007404
2025-10;14270906;Haiti;Honduras;0;0;X;0.37378019694235254;0.2590892213677798;0.36713058168986773;0.586095994855505;0.6198389274400276;0.9381336262451812;0.03978936206179146;0.022077011693027216;0.9794537408815897;0.7464559540109786
2025-10;14270911;Haiti;Honduras;0;3;2;0.3859159000249251;0.259597765546579;0.35448633442849586;0.5831337359212012;0.617309544233315;0.9381336262451812;0.03978936206179146;0.022077011693027216;0.9794537408815897;0.7464559540109786
2025-10;14553326;Ecuador;USA;1;1;X;0.44662491491827677;0.3072257448738315;0.24614934020789164;0.3678168083466844;0.43420736125783344;0.3671572391968736;0.3678687042607499;0.2649740565423765;0.2241475749818489;0.3171062075097055
2025-10;14553331;New Zealand;Poland;0;1;2;0.4187554900466073;0.2742749398108677;0.30696957014252496;0.5116630527187107;0.55892744725153;0.6042674981289959;0.1949996896722525;0.20073281219875155;0.7570950478064276;0.7085473889637588
2025-10;14561709;Brazil;Japan;2;3;2;0.45132322618450743;0.300860063808645;0.2478167100068477;0.3884734475712601;0.45095500493699714;0.07414923760852572;0.1876101066783243;0.7382406557131498;0.4982954945890108;0.37402773650655785
2025-10;14605770;England;Wales;3;0;1;0.7420359612814419;0.17692871237745447;0.08103532634110389;0.5653221868067704;0.43522839933856616;0.3380342373518803;0.3480716895568811;0.31389407309123885;0.27459044558249857;0.3674113981639779
2025-10;14605773;Australia;Canada;1;0;1;0.3685793658148684;0.28384678864220314;0.34757384554292853;0.48231650197650294;0.5398705317082548;0.6254861389667439;0.24628022893942578;0.12823363209383049;0.42762633685396084;0.404969115790803
2025-10;14784774;Colombia;Mexico;4;0;1;0.45929602220318155;0.28410754436188296;0.2565964334349355;0.45006616849681114;0.501113616763875;0.3225285610376455;0.3378164114636562;0.33965502749869825;0.30161662847124165;0.39152137939542103
2025-10;14784775;Canada;Colombia;0;0;X;0.18983510213621965;0.264052690317436;0.5461122075463445;0.46059445088572115;0.4796060310606819;0.24011368040196338;0.256889483019508;0.5029968365785288;0.5399426249424852;0.5629448761312569
2025-10;14787862;Ecuador;Mexico;1;1;X;0.3565972879899232;0.2983889132449869;0.34501379876508986;0.42729552947951643;0.4964670669944755;0.19288927218530905;0.46638641489574795;0.34072431291894295;0.08689205502660015;0.16314138782782522
2025-10;14787863;Argentina;Venezuela;1;0;1;0.7704334361604056;0.17079771571950148;0.05876884812009299;0.5056899162406898;0.34373837479432384;0.7147120982810492;0.20403733781528843;0.08125056390366237;0.4606129055585035;0.36188349639640827
2025-10;14794176;Brazil;South Korea;5;0;1;0.46525678059151415;0.2827410434726472;0.2520021759358386;0.45195141498991515;0.5011458411401336;0.08917733752027035;0.24914178057079903;0.6616808819089307;0.3423073667387461;0.29486866649930754
2025-10;14801771;Japan;Paraguay;2;2;X;0.39988795564085344;0.2980545431759652;0.3020575011831814;0.4216110438102971;0.4887923252107006;0.5904274594421034;0.3041985400831786;0.10537400047471795;0.24525006637641475;0.24870007341449651
2025-10;14832014;Bahrain;Morocco;0;1;2;0.10349861102190396;0.20352911235918494;0.6929722766189113;0.5258512319453559;0.44424585961558116;0.00850526741038892;0.07104148357517968;0.9204532490144314;0.607157370283558;0.15408624233602886
2025-10;14849701;Paraguay;South Korea;0;2;2;0.3327023780739309;0.2923747445818132;0.37492287734425583;0.44836415628635407;0.5127204157633884;0.11330099102108271;0.37379913233919715;0.5128998766397204;0.14902961324616704;0.18393424689329277
2025-11;11620316;Chile;Peru;2;0;1;0.3865511892852442;0.31279966170717627;0.3006491490075794;0.37223502200510644;0.44920483116246285;0.40047421464307614;0.48030351821063805;0.11922226714628575;0.06577806223693904;0.11393610784702876
2025-11;11761898;Cabo Verde;Egypt;2;2;X;0.21963013427961683;0.24436615097607872;0.5360037147443046;0.5699211554513172;0.5764399849760716;0.14498455411755573;0.3724246904665702;0.4825907554158741;0.1692313682771659;0.22351482850628607
2025-11;11886360;Chile;Peru;0;0;X;0.39112284789136803;0.31106330483497696;0.29781384727365495;0.3770543439506766;0.45274463560426587;0.40047421464307614;0.48030351821063805;0.11922226714628575;0.06577806223693904;0.11393610784702876
2025-11;11886376;USA;Uruguay;0;1;2;0.21308373396585267;0.2755338874942814;0.5113823785398659;0.4456873894628739;0.481091004313796;0.2069279816431947;0.2540635990509757;0.5390084193058294;0.5174776898709744;0.5313789536580656
2025-11;11886597;Canada;Venezuela;5;4;1;0.5691971839988341;0.26094288851778363;0.169859927483382;0.4455286098551239;0.45514335379793486;0.5318223931899647;0.26590268642573994;0.20227492038429554;0.4684063918264708;0.4925438760572542
2025-11;12076177;Ireland;Portugal;0;3;2;0.07894445970138005;0.2027091231320134;0.7183464171666067;0.45836010555241713;0.35604594389875993;0.21508489369408743;0.2801912532558473;0.5047238530500653;0.43164313041828445;0.471467074691206
2025-11;12198302;Netherlands;Poland;2;1;1;0.7452423517103828;0.17933908925858255;0.07541855903103444;0.5354095417527744;0.4026138185043927;0.8649082878209771;0.08665969617316739;0.04843201600585537;0.8695192206188248;0.6270495268342823
2025-11;12258874;Mexico;Uruguay;0;4;2;0.32240574848580533;0.3050720897111593;0.37252216180303555;0.4017827676244775;0.4750967293872216;0.2574996724554711;0.3372312160648289;0.40526911147969985;0.29033555429796465;0.3739993490287253
2025-11;12475974;Iran;Uzbekistan;2;2;X;0.4006216709184988;0.2891573993203806;0.31022092976112065;0.45579281941857;0.5165354854860957;0.1963110439729772;0.29564827309290936;0.5080406829341135;0.3655888915623424;0.4118118940423612
2025-11;12475985;Iran;Uzbekistan;0;0;X;0.4008021683714908;0.2890661737076532;0.3101316579208561;0.4561050636841987;0.5167668184965146;0.1963110439729772;0.29564827309290936;0.5080406829341135;0.3655888915623424;0.4118118940423612
2025-11;12526723;Cabo Verde;Egypt;0;3;2;0.2185835126810716;0.24390167054966178;0.5375148167692666;0.570653535547093;0.5764862250898196;0.14498455411755573;0.3724246904665702;0.4825907554158741;0.1692313682771659;0.22351482850628607
2025-11;12526773;Cabo Verde;Egypt;1;1;X;0.21876691843863455;0.24420182276442268;0.5370312587969428;0.5696403754111594;0.5758248718162178;0.14498455411755573;0.3724246904665702;0.4825907554158741;0.1692313682771659;0.22351482850628607
2025-11;12995969;Chile;Peru;0;0;X;0.3851111181546981;0.31330080093203905;0.3015880809132628;0.37086818414073963;0.448207831994799;0.40047421464307614;0.48030351821063805;0.11922226714628575;0.06577806223693904;0.11393610784702876
2025-11;13233399;Albania;England;0;2;2;0.0551944861428329;0.15671801450493783;0.7880874993522292;0.5477540170654223;0.36297640733006076;0.05740260597811163;0.17072337824887282;0.7718740157730156;0.5003395154301113;0.33658539207529553
2025-11;13233460;Netherlands;Poland;1;1;X;0.7475912755896715;0.1779479872368776;0.0744607371734509;0.5376411226594311;0.4022166745071322;0.8649082878209771;0.08665969617316739;0.04843201600585537;0.8695192206188248;0.6270495268342823
2025-11;13233461;Slovenia;Sweden;2;2;X;0.2462214125698932;0.286108824273498;0.467669763156609;0.43626947860552623;0.48733357631254703;0.4272838795642698;0.2403187772938982;0.33239734314183206;0.6631994144995269;0.6759749392207804
2025-11;13233464;Denmark;Scotland;0;0;X;0.23292312324316156;0.26885484995302394;0.49822202680381444;0.48780361327895;0.5213462885001433;0.6796769596919559;0.21993857440763637;0.10038446590040793;0.4568557198120994;0.39066709833552393
2025-11;13233466;France;Ukraine;2;0;1;0.770614323527691;0.17758446757032634;0.05180120890198258;0.45210716643113774;0.28999452491487604;0.7154549265079464;0.15455683007165008;0.12998824342040355;0.8111970437483412;0.7026517487803596
2025-11;13233471;Latvia;Serbia;0;1;2;0.1980529676752605;0.26746972471071656;0.5344773076140229;0.45815169276888357;0.48259270778079316;0.024732165397518057;0.1693920300961782;0.8058758045063039;0.3633008478150963;0.14914380709791722
2025-11;13233475;Hungary;Ireland;2;2;X;0.31849626777598666;0.305126005168085;0.3763777270559286;0.4009985683411564;0.47417960934789294;0.1425124204113826;0.31542939616797877;0.5420581834206387;0.2638859947522049;0.29782150146132247
2025-11;13233482;Spain;Türkiye;6;0;1;0.5886144402994211;0.231966604918645;0.179418954781934;0.5679086971210642;0.5519009045426415;0.5330151403672767;0.18570834637022793;0.2812765132624955;0.8755263507084748;0.8355038136712779
2025-11;13233483;Belgium;Kazakhstan;6;0;1;0.6680665936942046;0.22465356391771188;0.10727984238808357;0.4570461651518516;0.40053517835406593;0.6836023767682438;0.1805570568535529;0.13584056637820324;0.7061096880959078;0.6198766680582329
2025-11;13233484;Lithuania;Netherlands;2;3;2;0.017659438380835998;0.08759102361212703;0.8947495380070368;0.6271222737585948;0.25133601184614357;0.007769894430490122;0.02784436837353343;0.9643857371959763;0.9102299508019418;0.4251912754665883
2025-11;13233584;Austria;Bosnia & Herzegovina;2;1;1;0.5959401087350871;0.241800571010421;0.16225932025449188;0.5026816183388845;0.4912449477355961;0.8302646063355497;0.11134993096803043;0.05838546269642003;0.7860486672438619;0.5639501100306805
2025-11;13233587;England;Serbia;5;0;1;0.7496807198185709;0.16971030244407287;0.08060897773735648;0.5950132127509521;0.4561877373450711;0.5847759460474768;0.2796647898212651;0.13555926413125785;0.3403599314084285;0.3491139007356705
2025-11;13233589;Greece;Scotland;1;3;2;0.23382643025492297;0.25719766156515167;0.5089759081799256;0.5330830157333749;0.5553960052478246;0.536612767207719;0.23423505057177807;0.2291521822205029;0.6220057148641548;0.6192720951817284
2025-11;13233598;Sweden;Switzerland;0;2;2;0.24720608273588288;0.2609075562460288;0.4918863610180883;0.5300902154425678;0.5582122738465073;0.23906633279456535;0.1833524340190868;0.577581233186348;0.8514649651460401;0.8030974818286208
2025-11;13233601;Iceland;Ukraine;3;5;2;0.31226982332674613;0.27330876574300317;0.41442141093025064;0.5172686678240251;0.5639179479270457;0.14327796157869532;0.18013973855962392;0.6765822998616808;0.7244123138655252;0.641710855347351
2025-11;13233609;Ireland;Portugal;0;1;2;0.08107975283560419;0.20498363032554853;0.7139366168388473;0.4567731881438073;0.3589374483658733;0.21508489369408743;0.2801912532558473;0.5047238530500653;0.43164313041828445;0.471467074691206
2025-11;13233650;Estonia;Norway;1;4;2;0.013548708091836453;0.051458350575820586;0.9349929413323429;0.8096776900174553;0.36531829820690376;0.002437481440507285;0.011433970587787482;0.9861285479717053;0.9516902009832173;0.3708237728489196
2025-11;13233651;Ireland;Portugal;2;0;1;0.07952418423051599;0.2024897720048805;0.7179860437646034;0.460893881825772;0.3588697702603856;0.21508489369408743;0.2801912532558473;0.5047238530500653;0.43164313041828445;0.471467074691206
2025-11;13233653;Albania;Andorra;1;0;1;0.34838238843403896;0.2979720022981274;0.35364560926783356;0.428893024872346;0.4977809946505301;0.5980860956251224;0.28282161360207175;0.11909229077280602;0.3090221403140874;0.309734278900215
2025-11;13233654;England;Serbia;2;0;1;0.7536630181270803;0.16742335690826435;0.07891362496465533;0.5989312939610515;0.45576793211097516;0.5847759460474768;0.2796647898212651;0.13555926413125785;0.3403599314084285;0.3491139007356705
2025-11;13233655;France;Ukraine;4;0;1;0.7678954012121152;0.1789345897801547;0.0531700090077301;0.4528185431662868;0.29419318523903554;0.7154549265079464;0.15455683007165008;0.12998824342040355;0.8111970437483412;0.7026517487803596
2025-11;13233659;Netherlands;Poland;1;1;X;0.7484810603034822;0.1775557067607979;0.07396323293571995;0.5374388249004495;0.40103482936785223;0.8649082878209771;0.08665969617316739;0.04843201600585537;0.8695192206188248;0.6270495268342823
2025-11;13233662;Belgium;Kazakhstan;1;1;X;0.6658181170037509;0.2255844258934516;0.10859745710279753;0.45686998898936443;0.4021892479865051;0.6836023767682438;0.1805570568535529;0.13584056637820324;0.7061096880959078;0.6198766680582329
2025-11;13233668;Sweden;Switzerland;1;4;2;0.24683620579574833;0.2622564370246446;0.49090735717960704;0.5245219570902793;0.5539403060863229;0.23906633279456535;0.1833524340190868;0.577581233186348;0.8514649651460401;0.8030974818286208
2025-11;13233669;Greece;Scotland;3;2;1;0.23571565091945318;0.2558505300018567;0.50843381907869;0.5401124647110923;0.5613636758962796;0.536612767207719;0.23423505057177807;0.2291521822205029;0.6220057148641548;0.6192720951817284
2025-11;13233672;Hungary;Ireland;2;3;2;0.315831038612671;0.30416139052673463;0.3800075708605943;0.40381454058509275;0.47621259281761696;0.1425124204113826;0.31542939616797877;0.5420581834206387;0.2638859947522049;0.29782150146132247
2025-11;13233675;Iceland;Ukraine;0;2;2;0.30881023344375935;0.2737266084784173;0.4174631580778234;0.514467150946164;0.561319273710625;0.14327796157869532;0.18013973855962392;0.6765822998616808;0.7244123138655252;0.641710855347351
2025-11;13233676;Albania;England;0;2;2;0.05388604394421851;0.15574930400980744;0.7903646520459742;0.5458231003294822;0.3579463802423846;0.05740260597811163;0.17072337824887282;0.7718740157730156;0.5003395154301113;0.33658539207529553
2025-11;13233677;Latvia;Serbia;1;2;2;0.19805448589200372;0.2674710234192317;0.5344744906887648;0.45814883423354563;0.4825914330150223;0.024732165397518057;0.1693920300961782;0.8058758045063039;0.3633008478150963;0.14914380709791722
2025-11;13233679;Italy;Norway;1;4;2;0.1504122285918542;0.22243606993078308;0.6271517014773627;0.5570430576675526;0.5209599324100346;0.20547637250659123;0.15807040738618372;0.6364532201072249;0.9213529511766225;0.8583275371082982
2025-11;13233683;Lithuania;Netherlands;0;4;2;0.017515977398213367;0.08700664356617879;0.8954773790356081;0.6288181892975823;0.2513718477684001;0.007769894430490122;0.02784436837353343;0.9643857371959763;0.9102299508019418;0.4251912754665883
2025-11;13233688;Slovenia;Sweden;1;1;X;0.2419274603850799;0.28568433139497973;0.4723882082199404;0.43474112379016655;0.4847060590076305;0.4272838795642698;0.2403187772938982;0.33239734314183206;0.6631994144995269;0.6759749392207804
2025-11;13233690;Denmark;Scotland;2;4;2;0.23029091416597855;0.26865870638814554;0.5010503794458758;0.4862235163488283;0.5190983099989784;0.6796769596919559;0.21993857440763637;0.10038446590040793;0.4568557198120994;0.39066709833552393
2025-11;13233692;Spain;Türkiye;2;2;X;0.5922230041682949;0.2302305120339841;0.17754648379772106;0.5720659624226629;0.5536656401956765;0.5330151403672767;0.18570834637022793;0.2812765132624955;0.8755263507084748;0.8355038136712779
2025-11;13233693;Austria;Bosnia & Herzegovina;1;1;X;0.589485017652607;0.24480412255201725;0.16571085979537573;0.4969632900700365;0.48977733920476524;0.8302646063355497;0.11134993096803043;0.05838546269642003;0.7860486672438619;0.5639501100306805
2025-11;13233694;Romania;San Marino;7;1;1;0.4631959644523388;0.2984502946755747;0.23835374087208638;0.3901905370379162;0.44918646870928997;0.9426309775800035;0.05078184183090814;0.006587180589088386;0.698894205279177;0.17941548626023257
2025-11;13233696;North Macedonia;Wales;1;7;2;0.30788483903773145;0.27671647407065375;0.4153986868916147;0.5023826660807169;0.5520077987405612;0.4357350896889336;0.2891816342023752;0.27508327610869127;0.4423686393378191;0.5000597875522936
2025-11;13755504;Guatemala;Panama;0;1;2;0.12450803643345967;0.23097947802576244;0.644512485540778;0.472796396753749;0.4332728708710376;0.5147791927044463;0.21316674630390275;0.2720540609916508;0.7513461824702593;0.7315989561950271
2025-11;14270887;Guatemala;Suriname;3;1;1;0.4494747157409636;0.28259943346164407;0.26792585079739234;0.4622228668854338;0.5135175654355977;0.7670537993860723;0.20242530596273822;0.030520894651189505;0.3054859656717225;0.14378620141473294
2025-11;14270888;El Salvador;Panama;0;3;2;0.11462730857420952;0.22505159262616564;0.660321098799625;0.4725604541398754;0.42120550410515917;0.09633737228877436;0.2384391469245032;0.6652234807867224;0.38751450444499547;0.33646842397949045
2025-11;14270890;Guatemala;Suriname;1;1;X;0.44838708076501255;0.28269672490605574;0.26891619432893166;0.46242327287964835;0.5139248064891614;0.7670537993860723;0.20242530596273822;0.030520894651189505;0.3054859656717225;0.14378620141473294
2025-11;14270893;El Salvador;Suriname;1;2;2;0.3553634740193627;0.3211174812750685;0.32351904470556886;0.3499243092822837;0.43273612276596335;0.27181788146892466;0.6071842314661913;0.12099788706488403;0.021633056372995643;0.06055517995617197
2025-11;14270897;El Salvador;Panama;0;1;2;0.11541677898145977;0.22559212844485602;0.658991092573684;0.4724038259845556;0.4220895047226944;0.09633737228877436;0.2384391469245032;0.6652234807867224;0.38751450444499547;0.33646842397949045
2025-11;14270898;Guatemala;Panama;1;1;X;0.12450316807652462;0.23236256039783496;0.6431342715256403;0.46785630694373326;0.4297182676821922;0.5147791927044463;0.21316674630390275;0.2720540609916508;0.7513461824702593;0.7315989561950271
2025-11;14270900;El Salvador;Suriname;0;4;2;0.3560359009885951;0.32005212184403287;0.323911977167372;0.35324010621280993;0.4355169942499045;0.27181788146892466;0.6071842314661913;0.12099788706488403;0.021633056372995643;0.06055517995617197
2025-11;14270904;Guatemala;Panama;2;3;2;0.12478897372589604;0.2304163183762885;0.6447947078978156;0.4754036666135556;0.4354682095472628;0.5147791927044463;0.21316674630390275;0.2720540609916508;0.7513461824702593;0.7315989561950271
2025-11;14270907;Costa Rica;Haiti;3;3;X;0.34250806688526153;0.3035585570246514;0.3539333760900872;0.40878224805633684;0.4815642909995086;0.13208017845225795;0.1591717891542502;0.7087480323934917;0.7949107649333935;0.6901309240041565
2025-11;14270909;Costa Rica;Haiti;0;1;2;0.3412967370108449;0.3036601846851868;0.35504307830396825;0.4083825611028505;0.48122148164303485;0.13208017845225795;0.1591717891542502;0.7087480323934917;0.7949107649333935;0.6901309240041565
2025-11;14270912;Costa Rica;Honduras;0;0;X;0.3547887036613259;0.2620537421012191;0.38315755423745507;0.5725882943515129;0.6093276041322285;0.5100939224289271;0.21215388661854312;0.2777521909525296;0.7598533015263136;0.7396540480722346
2025-11;14270913;Costa Rica;Honduras;0;0;X;0.35479973754547595;0.2618206748081812;0.38337958764634283;0.5735896326738681;0.6100876031187822;0.5100939224289271;0.21215388661854312;0.2777521909525296;0.7598533015263136;0.7396540480722346
2025-11;14636439;Iran;Uzbekistan;0;1;2;0.4027330908242383;0.28906309543274455;0.3082038137430173;0.4555777772826349;0.5161175149889516;0.1963110439729772;0.29564827309290936;0.5080406829341135;0.3655888915623424;0.4118118940423612
2025-11;14849690;Chile;Peru;2;1;1;0.3891077023178957;0.3119592885690722;0.298933009113032;0.37448473420215955;0.45081364657500556;0.40047421464307614;0.48030351821063805;0.11922226714628575;0.06577806223693904;0.11393610784702876
2025-11;14859104;Israel;Lithuania;0;0;X;0.35866219232720153;0.2845143564084975;0.35682345126430115;0.48001534146731245;0.5382103049314808;0.37735731474837764;0.2452853705032446;0.37735731474837775;0.6475992146866821;0.6665480902512373
2025-11;14859105;Andorra;Finland;0;4;2;0.35633727978770174;0.2698577438193726;0.37380497639292565;0.539606819011138;0.5842504279115801;0.14443282904668786;0.23382130402469545;0.6217458669286166;0.5016499587538923;0.4749351323182749
2025-11;14895300;Iraq;United Arab Emirates;1;1;X;0.404019166071829;0.3123263846145731;0.28365444931359785;0.3689005970703439;0.4440121703651688;0.3965034192742784;0.38141938416802157;0.22207719655770003;0.1890224995685792;0.2753445351145223
2025-11;14895302;Iraq;United Arab Emirates;2;1;1;0.4036930390626895;0.31327470185425144;0.28303225908305907;0.3657596324052847;0.44137094137052074;0.3965034192742784;0.38141938416802157;0.22207719655770003;0.1890224995685792;0.2753445351145223
2025-11;14925456;Brazil;Senegal;2;0;1;0.3882448436322327;0.2756673895156497;0.3360877668521176;0.5135441562940026;0.5634307761483195;0.054065530031120475;0.18906748837745524;0.7568669815914243;0.42199421615316274;0.27709252429922654
2025-11;14925483;Brazil;Tunisia;1;1;X;0.5563191040497899;0.2571500622188052;0.1865308337314049;0.4811613675022624;0.4927637182560582;0.28816038825726653;0.21350656526159617;0.4983330464811373;0.7608287447134794;0.7428450259862184
2025-11;14990872;Bolivia;South Korea;0;2;2;0.13906087226761873;0.23648551528224757;0.6244536124501336;0.48179165633289306;0.45529506134939945;0.03730620001166576;0.12810339999694786;0.8345903999913862;0.5796419129246614;0.3254162320739131
2025-11;14993711;Ghana;South Korea;0;1;2;0.1922614002284577;0.2546126019133474;0.5531259978581948;0.49778289801011166;0.5085664982602537;0.3823329221799478;0.3587261539940765;0.25894092382597556;0.24145544876770964;0.3317943281686371
2025-11;14994220;Algeria;Saudi Arabia;2;0;1;0.5339248508692082;0.2825733636269258;0.18350178550386614;0.39203135100654546;0.4245347301629494;0.616722363113927;0.29512784970511907;0.08814978718095376;0.23990907170550455;0.224021144680378
2025-11;14994221;Ghana;Japan;0;2;2;0.14457457694194661;0.2392731826474519;0.6161522404106013;0.48182564798278427;0.46065604260094595;0.3197572367505698;0.3306423051933414;0.3496004580560887;0.32142006133197226;0.40851836081135307
2025-11;14994223;Morocco;Mozambique;1;0;1;0.6926481666894552;0.2117650418970215;0.0955867914135233;0.4734955121519816;0.39510012554003054;0.8207853914205501;0.15936570788941445;0.019848900690035465;0.36766120681871545;0.12967863471753474
2025-11;14994224;Mexico;Paraguay;1;2;2;0.37337692216885005;0.30223701164690503;0.32438606618424476;0.41182417584462583;0.4832729831106968;0.3847209835620917;0.38829313172157;0.2269858847163384;0.17948691958155275;0.26764657345956805
2025-11;14994225;Bolivia;Japan;0;3;2;0.06041601685388835;0.17722742263017394;0.7623565605159377;0.48752776499460243;0.3356898289689927;0.016859037443041746;0.06538906362524993;0.9177518989317084;0.7537588345863492;0.3421096508909007
2025-11;14994226;Australia;Venezuela;0;1;2;0.5989051272040865;0.24903149883494538;0.1520633739609682;0.45991974458728185;0.45149415640715;0.7388403249805962;0.20231914433858836;0.058840530680815524;0.39667290683180584;0.2730253429690707
2025-11;14994227;Canada;Ecuador;0;0;X;0.3312359284991146;0.28954777664003634;0.3792162948608491;0.4587179812442755;0.5207445771386265;0.2929351948309371;0.4104404206965583;0.2966243844725047;0.15450100554357138;0.2503256174940407
2025-11;14994228;Mexico;Uruguay;0;0;X;0.32059475867273174;0.30436181205619295;0.3750434292710753;0.4039376401090251;0.47669673122712486;0.2574996724554711;0.3372312160648289;0.40526911147969985;0.29033555429796465;0.3739993490287253
2025-11;14994229;USA;Uruguay;5;1;1;0.21474458727850826;0.2761454288491598;0.5091099838723319;0.44515751762716965;0.4814833030447622;0.2069279816431947;0.2540635990509757;0.5390084193058294;0.5174776898709744;0.5313789536580656
2025-11;14994231;Morocco;Uganda;4;0;1;0.6520200733269474;0.2354579645172959;0.11252196215575677;0.4320363347254253;0.3897196471284183;0.7583808390860161;0.20282821380292204;0.038790947111061985;0.33081265002485555;0.1818591124548573
2025-11;15016613;Mauritania;Tunisia;1;1;X;0.11532856027226185;0.20747917021054946;0.6771922695171886;0.5408055678947196;0.47121931686826213;0.044781247116211904;0.1686366107119336;0.7865821421718544;0.45411675843480825;0.27061912718979814
2025-11;15016652;Angola;Argentina;0;2;2;0.01315622847382739;0.1033952895621438;0.8834484819640288;0.507875110902861;0.15033306734269247;0.057312006100006946;0.20864644070102528;0.7340415531989677;0.37333500936835884;0.2549287375730129
2025-11;15027618;Australia;Colombia;0;3;2;0.22398834262719242;0.2682578783680684;0.5077537790047394;0.48196864214328544;0.5132463190620933;0.4604250454652363;0.3319388480103206;0.20763610652444314;0.27923913632302716;0.3488265581743829
2025-11;15033103;Kenya;Senegal;0;8;2;0.09871263489608863;0.21649272235381645;0.6847946427500949;0.46476091164143724;0.3937435737479325;0.08224348762343177;0.25611504051106876;0.6616414718654998;0.3110831490316518;0.26318982561433785
2025-11;15035393;Colombia;New Zealand;2;1;1;0.6521730977063542;0.22919236539550644;0.11863453689813903;0.46667511643014586;0.42196569319184096;0.5879279925587917;0.23920335469482157;0.17286865274638674;0.5292728418827545;0.5188440121657982
2025-11;15037767;Chile;Peru;2;1;1;0.3900332645859937;0.3126361644984895;0.29733057091551696;0.3719373859842089;0.44854539573047736;0.40047421464307614;0.48030351821063805;0.11922226714628575;0.06577806223693904;0.11393610784702876
2025-11;15039639;Egypt;Uzbekistan;0;2;2;0.4555340165718198;0.2634946678236323;0.28097131560454786;0.5428296762764606;0.5774757272861334;0.3016582286982708;0.4333238512231192;0.26501792007860997;0.1244719532045311;0.21637522034963172
2025-11;15042286;Jordan;Tunisia;2;3;2;0.3820442683687057;0.28509800271964836;0.33285772891164594;0.4758821299046649;0.5342074769879638;0.6700258993471518;0.1856025160190629;0.1443715846337853;0.7022144695897456;0.625072774760939
2025-11;15087384;DR Congo;Nigeria;5;4;1;0.5008048316908916;0.2876969587077562;0.21149820960135235;0.4037016494793732;0.448602419198174;0.25423820785923706;0.44145462287245174;0.3043071692683113;0.11506155926019614;0.20494185916559496
2025-11;15113204;Iran;Uzbekistan;3;4;2;0.40199443792199185;0.2888200951430828;0.3091854669349253;0.4567514259323148;0.5171511792288565;0.1963110439729772;0.29564827309290936;0.5080406829341135;0.3655888915623424;0.4118118940423612
2025-11;15113205;Canada;Venezuela;2;0;1;0.5727606756043618;0.2587076670278469;0.1685316573677912;0.4513508836654229;0.4584530703329378;0.5318223931899647;0.26590268642573994;0.20227492038429554;0.4684063918264708;0.4925438760572542
2025-11;15113243;Ecuador;New Zealand;2;0;1;0.6024923826858934;0.2560601574619661;0.14144745985214024;0.4188515972774779;0.41196671345481567;0.3409510818564195;0.40191548784180864;0.2571334303017718;0.16460436611125495;0.25859377282027785
2025-12;12183419;South Africa;Zimbabwe;0;0;X;0.4651444157770416;0.2699387690148369;0.26491681520812144;0.5078031864976968;0.5471405667967183;0.6681019483628619;0.2740695367682723;0.05782851486886589;0.23114155994488286;0.17122531327001606
2025-12;12183462;DR Congo;Senegal;2;3;2;0.23135794336952661;0.26445717118187195;0.5041848854486013;0.5028879437662344;0.53196188136068;0.13959276114565725;0.31265675284810995;0.5477504860062327;0.2667578402466977;0.2976523537145483
2025-12;12475002;Iraq;Jordan;1;0;1;0.24730334976784882;0.26471525330104534;0.48798139693110604;0.515361934072958;0.547279869041298;0.1460602344914064;0.260227316320921;0.5937124491876726;0.4128491278818079;0.4118436015845458
2025-12;12475955;Iraq;Jordan;0;0;X;0.248746241245175;0.26489220847161243;0.4863615502832127;0.5158066896694196;0.548108020147889;0.1460602344914064;0.260227316320921;0.5937124491876726;0.4128491278818079;0.4118436015845458
2025-12;13424935;Egypt;Zimbabwe;2;1;1;0.5705665433198631;0.2500879672311877;0.17934548944894915;0.4974694417100575;0.5000551583339201;0.6750922366320622;0.2747783362331265;0.05012942713481147;0.2173896528410109;0.14889032502550922
2025-12;13424936;Angola;South Africa;1;2;2;0.16493907382913678;0.26456456770598513;0.5704963584648781;0.42656080592392165;0.4375032110542878;0.07776421529138569;0.24800545871623553;0.6742303259923792;0.3215003209176851;0.26273330503597997
2025-12;13424937;Nigeria;Tanzania;2;1;1;0.37232270879228463;0.33500021420436377;0.2926770770033516;0.30571411525220493;0.39300245963844005;0.6645719895143972;0.25630355723108833;0.07912445325451456;0.30457296979179127;0.2538997114507109
2025-12;13424938;Tunisia;Uganda;3;1;1;0.643956194092058;0.213005219230804;0.1430385866771381;0.5809132799136683;0.5316327159164166;0.6374459199809609;0.18785409285228724;0.17469998716675186;0.749351279501113;0.6867371347636129
2025-12;13424939;Botswana;Senegal;0;3;2;0.07663853308635539;0.1628677677876106;0.7604936991260339;0.6107804814157424;0.46002515260881993;0.01287369814963401;0.07405218832610744;0.9130741135242585;0.648653550351728;0.22474485624776172
2025-12;13424940;Benin;DR Congo;0;1;2;0.1533893461906482;0.28934424867345737;0.5572664051358944;0.33769852224149904;0.3625157637205226;0.14418485734534292;0.32886306306655666;0.5269520795881005;0.23868602620229362;0.2795305583521329
2025-12;13424943;Côte d'Ivoire;Mozambique;1;0;1;0.7202216239262308;0.18850210356976466;0.09127627250400464;0.5508193131592609;0.4431341792622934;0.9004150196402179;0.07464337994437636;0.02494160041540573;0.7783929160795848;0.424088031688324
2025-12;13424945;Mali;Morocco;1;1;X;0.26904877132388005;0.22452912194334582;0.506422106732774;0.699537907489777;0.6912444980552107;0.18294120708521996;0.5017238895794471;0.3153349033353329;0.06281818326231385;0.13173749863147713
2025-12;13424947;Egypt;South Africa;1;0;1;0.5182686173043992;0.2637191580108747;0.2180122246847262;0.4929494338558476;0.5187168847511506;0.34686480843156503;0.37014492065140997;0.2829902709170249;0.2225086284849574;0.3178024847637823
2025-12;13424948;Angola;Zimbabwe;1;1;X;0.40010466309823095;0.2835584939122867;0.3163368429894822;0.47843296412745384;0.5347417133775418;0.3237346704253089;0.4604731497502688;0.21579217982442228;0.09419584197010497;0.17613956411244283
2025-12;13424949;Nigeria;Tunisia;3;2;1;0.2055732383599508;0.2662221680408302;0.528204593599219;0.4708586639194905;0.4961241087662431;0.4822271451917888;0.2023127272709211;0.3154601275372901;0.824108120687009;0.7980347782180263
2025-12;13424951;DR Congo;Senegal;1;1;X;0.23046270448037634;0.2630870853225553;0.5064502101970683;0.5072668664830876;0.5348511282779276;0.13959276114565725;0.31265675284810995;0.5477504860062327;0.2667578402466977;0.2976523537145483
2025-12;13424953;Benin;Botswana;1;0;1;0.2645489073607166;0.3176013102412619;0.4178497823980215;0.34594619571026436;0.4216247982564025;0.49592354503582325;0.32436137793666747;0.1797150770275093;0.2773240793849501;0.33354745949409187
2025-12;13424954;Algeria;Burkina Faso;1;0;1;0.6323544202432527;0.2568500893549162;0.110795490401831;0.363185034704448;0.3388863804246262;0.10905108979528909;0.36757483319074413;0.5233740770139668;0.1535879492207964;0.18398377123885265
2025-12;13424960;Angola;Egypt;0;0;X;0.10920207258697255;0.23653325931153574;0.6542646681014916;0.4214150513815645;0.3779356708868399;0.06699446292115782;0.24688952101962638;0.6861160160592159;0.3012840752036639;0.23066626312599212
2025-12;13424961;South Africa;Zimbabwe;3;2;1;0.459350089271386;0.2712625266391644;0.26938738408944946;0.5054974490274909;0.5466256550084154;0.6681019483628619;0.2740695367682723;0.05782851486886589;0.23114155994488286;0.17122531327001606
2025-12;13424963;Nigeria;Uganda;3;1;1;0.3744468860087627;0.3064433432630296;0.3191097707282079;0.39664209245038606;0.4707273104764792;0.6903111510141506;0.1785867219145829;0.13110212707126648;0.7040084910122232;0.6132937369442768
2025-12;13424964;Tanzania;Tunisia;1;1;X;0.15481948903597495;0.2597378186580007;0.5854426923060245;0.4278680018983891;0.43041846253240623;0.09989703974732743;0.2610640598260369;0.6390389004266358;0.3320560139751865;0.30310415694405846
2025-12;13424965;Benin;Senegal;0;3;2;0.07829424097679674;0.2051716550971087;0.7165341039260948;0.4478271222942387;0.3476440693378597;0.04531237221336563;0.17651865298148597;0.7781689748051486;0.42942398760208056;0.25718643460828644
2025-12;13424966;Botswana;DR Congo;0;3;2;0.19372822670719156;0.2724756910256592;0.5337960822671494;0.4360512305122156;0.4636607909244345;0.06450353912567745;0.215214143967089;0.7202823169072335;0.37576259597638884;0.27250075441811744
2025-12;13938624;South Africa;Zimbabwe;2;0;1;0.4661765383767705;0.26900135271622183;0.26482210890700764;0.5113581211221281;0.549779526901561;0.6681019483628619;0.2740695367682723;0.05782851486886589;0.23114155994488286;0.17122531327001606
2025-12;14008248;Angola;South Africa;3;0;1;0.16517433230657003;0.2648186216996542;0.5700070459937758;0.4260488324579028;0.4373035346043904;0.07776421529138569;0.24800545871623553;0.6742303259923792;0.3215003209176851;0.26273330503597997
2025-12;14960751;Egypt;United Arab Emirates;1;1;X;0.6282598820733728;0.23998559252234364;0.13175452540428353;0.4555183436523469;0.4288096676661891;0.6861160160592159;0.2468895210196264;0.06699446292115784;0.30128407520366385;0.2306662631259921
2025-12;14960752;Morocco;Saudi Arabia;1;0;1;0.6268042879567233;0.24210229167387637;0.13109342036940028;0.4469791610948737;0.4219556072826987;0.6831421839716542;0.2959545927300345;0.020903223298311256;0.14939522427331464;0.05663481184367258
2025-12;14960753;Qatar;Tunisia;0;3;2;0.13021513835524925;0.2063823648884963;0.6634024967562542;0.5806464899079328;0.5181561205248397;0.1816456603874404;0.20026027691117623;0.6180940627013835;0.7059336978953962;0.6571304942481542
2025-12;14960755;Jordan;United Arab Emirates;2;1;1;0.6231909315106946;0.24352329602181041;0.13328577246749504;0.44623112229032136;0.42371410525472913;0.7153970616296205;0.20922604088609179;0.07537689748428777;0.42558290083131023;0.3270736930589161
2025-12;14960756;Egypt;Jordan;0;3;2;0.37987106258241454;0.29827600940784066;0.3218529280097449;0.4253454746182909;0.4938428988689147;0.3761889624655315;0.3324556199580774;0.291355417576391;0.31231566996707844;0.3984578521815221
2025-12;14965926;Algeria;Iraq;2;0;1;0.4628631663243184;0.2628780938246514;0.2742587398510303;0.5413811308079638;0.5747605343957114;0.6702847900672041;0.2271261359015932;0.10258907403120278;0.43758703367676133;0.3803175030834416
2025-12;15153260;Palestine;Qatar;1;0;1;0.3272846047953274;0.29239238103407095;0.3803230141706017;0.4475296096619712;0.5117243857263749;0.17088024851290418;0.25357908961861664;0.5755406618684794;0.4727282271637076;0.47589672445016024
2025-12;15153263;Oman;Saudi Arabia;1;2;2;0.22656183181982115;0.28889217519701044;0.48454599298316847;0.4124461936892313;0.46189123520523795;0.3399794297671576;0.36478163424175347;0.29523893599108897;0.23484593987354213;0.33028456256766914
2025-12;15153269;Bahrain;Iraq;1;2;2;0.24373075041188513;0.2868758128540786;0.46939343673403605;0.43192035786049826;0.48317535753969176;0.12143218843908107;0.2796086783036529;0.5989591332572662;0.3202807951690613;0.3203704549222333
2025-12;15153270;Palestine;Tunisia;2;2;X;0.16337240116473983;0.23480159345685087;0.6018260053784091;0.5311875732755366;0.5130060321724492;0.0566845799637517;0.10855626957116919;0.8347591504650792;0.7925957141687852;0.565784389292882
2025-12;15153596;Morocco;Oman;0;0;X;0.6779699732513148;0.21087800397008571;0.11115202277859967;0.5170743015198268;0.4485840907853733;0.8949043415665744;0.09258665601048265;0.012509002422942903;0.5483320374659679;0.16443246205299578
2025-12;15153601;Algeria;Bahrain;5;1;1;0.6622754946108277;0.22153786912138915;0.11618663626778312;0.4888883180285971;0.43485065102017767;0.8934206376994019;0.08719117164677806;0.019388190653820126;0.647138534834032;0.2776234543130681
2025-12;15198748;Palestine;Saudi Arabia;1;2;2;0.2497721240141373;0.28092829840548045;0.46929957758038227;0.45690184575945486;0.5041921605000959;0.19044927526242042;0.39393183125303516;0.41561889348454445;0.16038011413969822;0.23820894308965537
2025-12;15204054;Iraq;Jordan;0;1;2;0.2453690679344412;0.2648677045208524;0.4897632275447065;0.5132402232864509;0.5450201455322037;0.1460602344914064;0.260227316320921;0.5937124491876726;0.4128491278818079;0.4118436015845458
2025-12;15204057;Algeria;United Arab Emirates;7;8;2;0.6497551679821003;0.21878336989779784;0.13146146212010199;0.5333285814829535;0.48481503883916566;0.7779039641669176;0.1717541012445897;0.050341934588492586;0.466909070978917;0.295302912542905
2025-12;15215551;Jordan;Saudi Arabia;1;0;1;0.5210444303685564;0.2741338625908785;0.20482170704056496;0.44229103620125443;0.4744143465935694;0.6083264316908871;0.3001958478881551;0.09147772042095789;0.23521555649774825;0.2251018697127721
2025-12;15216895;Morocco;United Arab Emirates;3;0;1;0.7085308375241866;0.2084599433522994;0.08300921912351393;0.4502994617660696;0.3579976675609543;0.8036877652130764;0.18058714044456553;0.01572509434235802;0.30080301576459456;0.08648199421541779
2025-12;15227075;Saudi Arabia;United Arab Emirates;0;0;X;0.44183741793038644;0.2809388799202102;0.2772237021494033;0.473313320472939;0.5242307103447853;0.2766277761090124;0.47635600515116155;0.24701621873982602;0.08329570565464031;0.16585035283508676
2025-12;15227077;Jordan;Morocco;2;3;2;0.20895626986533686;0.2516171625540823;0.5394265675805808;0.5292240610771541;0.5411144155222294;0.08131633782574005;0.32066216936026526;0.5980214928139945;0.19084371916631093;0.18186172127906264
2025-12;15248874;Bolivia;Peru;0;2;2;0.45484491912284225;0.28653956973944683;0.25861551113771086;0.4427237096332405;0.4960969415574626;0.26456539930391765;0.4798662456687748;0.2555683550273076;0.08074582548250633;0.1627432276450841
2026-01;11886397;Bolivia;Panama;1;3;2;0.17367782958653094;0.27055949675160584;0.555762673661863;0.41851308541879534;0.43788345352688696;0.07272908453825312;0.15105333250834155;0.7762175829534051;0.6499938439197118;0.48172778671808997
2026-01;12183472;Senegal;Sudan;0;0;X;0.6897014310376601;0.18856796043445476;0.12173060852788521;0.6364109484483005;0.5501605928358292;0.8710216578627208;0.10817214830775644;0.020806193829522632;0.5534695361166997;0.22696186340855778
2026-01;12183519;Senegal;Sudan;2;0;1;0.6976835447893518;0.18674002728489775;0.11557642792575046;0.6284911187257068;0.5365216495930439;0.8710216578627208;0.10817214830775644;0.020806193829522632;0.5534695361166997;0.22696186340855778
2026-01;13649219;Mexico;Panama;2;1;1;0.4526497682340642;0.2874005588932446;0.2599496728726913;0.4404999221925515;0.49477371945845117;0.36440014293214656;0.27925472670065915;0.35634513036719434;0.5009698751073037;0.554513773584072
2026-01;14000203;Canada;Guatemala;6;7;2;0.663473494973782;0.212614680740269;0.12391182428594877;0.5408786247742036;0.4817987735302867;0.39890772918401246;0.2599327937574018;0.3411594770585857;0.5798300697490826;0.6141062010677546
2026-01;14058088;Mali;Tunisia;4;3;1;0.18670294598480558;0.2612818205040674;0.5520152335111268;0.4665388017236906;0.482071249852714;0.6963778555626775;0.2047713861037108;0.09885075833361187;0.5083754070321294;0.42481069505296676
2026-01;14058090;Benin;Egypt;1;3;2;0.1271829428160671;0.26431506165915664;0.6085019955247765;0.3702387937884391;0.36253859281819495;0.10650000733093841;0.3130895429762382;0.5804104496928235;0.23035203316032613;0.23916755721324648
2026-01;14058091;Egypt;Nigeria;2;4;2;0.40230767169529047;0.2870299047432459;0.3106624235614638;0.4638090035300142;0.5227973211995939;0.38983065467488304;0.28675491967206024;0.3234144256530567;0.4678998225404106;0.5273029720050839
2026-01;14058092;Cameroon;South Africa;2;1;1;0.28036439848517736;0.28751544786727856;0.43212015364754414;0.45081994209183623;0.507726667662019;0.34447736706838494;0.4157269213288276;0.23979571160278734;0.14342069525321774;0.23433035764046894
2026-01;14058093;Algeria;Nigeria;0;2;2;0.5646170749300017;0.25119738250294765;0.18418554256705053;0.49998376336019174;0.5051278205852942;0.47342935664516883;0.21629519617890697;0.3102754471759242;0.760779077557594;0.74704628281721
2026-01;14058094;Côte d'Ivoire;Egypt;2;3;2;0.4719078100586869;0.2578957886081377;0.2701964013331752;0.5589069288673608;0.5867558829994826;0.437444339836503;0.30601496820274826;0.256540691960749;0.3771133034034803;0.4445595870790676
2026-01;14058095;Burkina Faso;Côte d'Ivoire;0;3;2;0.12884718468985362;0.2624506051151387;0.6087022101950076;0.3783905828515863;0.37016082324886557;0.44012922132784915;0.34606637699021836;0.2138044016819323;0.2513948686121479;0.3280142569808124
2026-01;14058096;Cameroon;Morocco;0;2;2;0.12175959847781827;0.21627532233594757;0.661965079186234;0.5215716458102507;0.4652245837378635;0.13658711878911312;0.46526910955384776;0.39814377165703907;0.07811081215514454;0.13475491653952484
2026-01;14058097;Mali;Senegal;0;1;2;0.10085271773196947;0.22015918101871962;0.6789881012493107;0.457247380537133;0.39162689500483566;0.31140821481955283;0.37718357036089434;0.31140821481955283;0.21033695962147456;0.30746842688095105
2026-01;14058098;Morocco;Tanzania;1;0;1;0.6740720721423913;0.21073229644023425;0.11519563141737411;0.527621188241248;0.46148486331073485;0.7390032333262986;0.23548423935473112;0.025512527318970538;0.23133167526601606;0.0968942679199544
2026-01;14058099;Algeria;DR Congo;1;0;1;0.45297139372411493;0.26147389355115985;0.2855547127247251;0.5535183018643689;0.5864987606162025;0.3760657423390856;0.29518757904409737;0.32874667861681717;0.43750994927591774;0.5039416032266715
2026-01;14058100;Mozambique;Nigeria;0;4;2;0.21119012753125335;0.26704768907250254;0.521762183396244;0.4738079820365297;0.501186287271214;0.09745977078238177;0.17024334508176303;0.7322968841358551;0.6497128887358121;0.5270982852233013
2026-01;14058101;Morocco;Nigeria;4;2;1;0.7386373519600583;0.18504069398048562;0.07632195405945603;0.5157374276711497;0.3905884796008729;0.6668711605306166;0.23275655489696634;0.10037228457241712;0.41406201800642;0.36071706579261975
2026-01;14058102;Senegal;Sudan;3;1;1;0.6966660364659153;0.1871562007370127;0.11617776279707188;0.6282582967844905;0.5371128136453832;0.8710216578627208;0.10817214830775644;0.020806193829522632;0.5534695361166997;0.22696186340855778
2026-01;14058103;Egypt;Senegal;0;1;2;0.21882043314283947;0.26150012326716543;0.5196794435899951;0.5020627822943461;0.5258632583208956;0.16131961997656774;0.31162939714224686;0.5270509828811855;0.29061645585195744;0.33249043855176
2026-01;14085038;Senegal;Sudan;0;0;X;0.6988543002167812;0.18660875434574797;0.1145369454374708;0.6262955357436045;0.5335186664604062;0.8710216578627208;0.10817214830775644;0.020806193829522632;0.5534695361166997;0.22696186340855778
2026-01;14488139;Morocco;Tanzania;1;0;1;0.6728786781544265;0.21156139103463864;0.11555993081093471;0.5252670801402782;0.460247005511073;0.7390032333262986;0.23548423935473112;0.025512527318970538;0.23133167526601606;0.0968942679199544
2026-01;14529416;Morocco;Senegal;6;4;1;0.329369868208575;0.29751909726577364;0.3731110345256514;0.4291672723173998;0.49738308315946134;0.3582737754887257;0.4023156956596238;0.2394105288516505;0.1613574405548219;0.2526035799249575
2026-01;14552798;Senegal;Sudan;5;3;1;0.6860265609390754;0.1905418175605527;0.1234316215003719;0.6320264911317036;0.5488505937833705;0.8710216578627208;0.10817214830775644;0.020806193829522632;0.5534695361166997;0.22696186340855778
2026-01;15362807;Canada;Guatemala;1;0;1;0.6625252307383387;0.21284893785953599;0.12462583140212544;0.5415891865725072;0.4831509781261947;0.39890772918401246;0.2599327937574018;0.3411594770585857;0.5798300697490826;0.6141062010677546
2026-01;15362809;Mexico;Panama;1;0;1;0.45653681412605884;0.2862161054599242;0.2572470804140169;0.4430285685157206;0.49593407053563426;0.36440014293214656;0.27925472670065915;0.35634513036719434;0.5009698751073037;0.554513773584072
2026-01;15362810;Bolivia;Mexico;0;1;2;0.09410445582749137;0.21899572427463387;0.6868998198978749;0.44425498634772703;0.37235788447679746;0.08388355167747805;0.21848177613165168;0.6976346721908704;0.41925586959443223;0.3383618480708264
2026-02;15362811;Iceland;Mexico;0;4;2;0.15698003419118609;0.23584815852510374;0.6071718072837103;0.5163822402779723;0.4969209925585026;0.18746317976327045;0.22429173734089083;0.5882450828958387;0.6115181220870843;0.5894975612713195
2026-03;11873902;Germany;Switzerland;1;1;X;0.41609470636489165;0.2500422291940477;0.3338630644410609;0.620924908490427;0.6444059411021963;0.5326506166261686;0.22979851625283151;0.23755086712099982;0.6493983926906389;0.6431041182920338
2026-03;12057882;Serbia;Spain;0;0;X;0.03069698178165454;0.13035665670224983;0.8389463615160954;0.5276026175769263;0.26322864739359747;0.11547287377295515;0.17802637514775072;0.7065007510792941;0.6670161403134427;0.5659836661985385
2026-03;12057888;Serbia;Spain;0;3;2;0.031224968592403746;0.13115534992523248;0.8376196814823638;0.527583404615055;0.26558141599602186;0.11547287377295515;0.17802637514775072;0.7065007510792941;0.6670161403134427;0.5659836661985385
2026-03;12076162;Bosnia & Herzegovina;Italy;0;1;2;0.3267400436924156;0.26753955716538663;0.40572039914219804;0.5447745159640259;0.5864205025208579;0.15647296655022094;0.16756947682455098;0.675957556625228;0.8073213840841963;0.7221121278777416
2026-03;13157426;Gibraltar;Latvia;0;1;2;0.2662817218212724;0.2786262666467218;0.45509201153200574;0.47584257455325585;0.5234285705815912;0.055883606789777884;0.2691390156173588;0.6749773775928634;0.23616038972572345;0.1705019091489385
2026-03;13157427;Luxembourg;Malta;2;0;1;0.3622311619628933;0.30038993126443597;0.33737890677267085;0.4197060454375624;0.49021641020405776;0.15542374771319922;0.3502837232784183;0.49429252900838244;0.209029221670625;0.26345293691604127
2026-03;13157429;Gibraltar;Latvia;0;1;2;0.26713680378592686;0.27853789425930037;0.4543253019547728;0.47667412909545787;0.5242865102842361;0.055883606789777884;0.2691390156173588;0.6749773775928634;0.23616038972572345;0.1705019091489385
2026-03;13157430;Luxembourg;Malta;3;0;1;0.3631629330894024;0.30057075988737464;0.3362663070232231;0.41897994420913875;0.48959741012745206;0.15542374771319922;0.3502837232784183;0.49429252900838244;0.209029221670625;0.26345293691604127
2026-03;13218625;Thailand;Turkmenistan;2;1;1;0.49877366443261256;0.24055030156848667;0.2606760339989009;0.6241212914952725;0.6324072261627178;0.832456762195797;0.12188112994262165;0.045662107861581334;0.661293985809449;0.4167473528935003
2026-03;15122626;DR Congo;Jamaica;1;0;1;0.5083046337882862;0.2863210510698232;0.20537431514189047;0.4025135726766249;0.4447096631978027;0.5121509196364122;0.29880822583255323;0.18904085453103475;0.3497968411511249;0.3956712681340557
2026-03;15126892;Bolivia;Suriname;2;1;1;0.33871561015858936;0.27377463704496335;0.3875097527964473;0.5216187370071635;0.5697741566710476;0.14037424015985112;0.28185574907471567;0.577770010765433;0.34111986662729193;0.35409795320618026
2026-03;15126909;Bosnia & Herzegovina;Wales;5;3;1;0.24451709282578857;0.23958886827901174;0.5158940388951998;0.6145269071839168;0.619834307975228;0.17114042169718238;0.1993410389016769;0.6295185394011408;0.692610157884922;0.6396004531218846
2026-03;15126910;Albania;Poland;1;2;2;0.312203449710025;0.28676216909106683;0.401034381198908;0.4652318147664789;0.5240832317482261;0.20975049389736025;0.31487872496602265;0.4753707811366171;0.322894238535667;0.385017519172957
2026-03;15126911;Kosovo;Slovakia;4;3;1;0.3860825270432602;0.2929190551270881;0.32099841782965177;0.4444895278099351;0.5088475342970757;0.4525566276515475;0.3714513743101665;0.17599199803828586;0.18679839055686964;0.2559911996751445
2026-03;15126912;Czechia;Ireland;6;5;1;0.48960951163897753;0.2711908142519189;0.2391996741091036;0.4844107534708107;0.5212339114187055;0.5658767407099077;0.25344503852078776;0.1806782207693046;0.48692791442876104;0.4932012223048657
2026-03;15126914;Italy;Northern Ireland;2;0;1;0.4850623530192559;0.2575877244537418;0.2573499225270024;0.5511414444693048;0.5772270093331292;0.6375676476987066;0.1965013445763632;0.16593100772493014;0.6959501259115761;0.6383199674152801
2026-03;15126915;Sweden;Ukraine;3;1;1;0.44717372340157857;0.2663636804845255;0.28646259611389596;0.5342728682459568;0.5722936379159937;0.3221031095934021;0.20806971069630723;0.46982717971029064;0.8020300801748532;0.7811949738170508
2026-03;15126916;Romania;Türkiye;0;1;2;0.08706097241851887;0.19669548876379792;0.7162435388176834;0.5052349683305752;0.40334293369751717;0.3238570378128378;0.21912952776821076;0.45701343441895126;0.75416954746589;0.7439603804311228
2026-03;15126917;Denmark;North Macedonia;4;0;1;0.4540153942518941;0.27535332035596294;0.27063128539214293;0.4906333818401988;0.5357540240249936;0.7101413478357138;0.18661232793195823;0.10324632423232802;0.5947920019153418;0.4942678035995006
2026-03;15129795;Czechia;Denmark;5;3;1;0.5066672246511458;0.27835358052749776;0.21497919482135644;0.43778887581940884;0.476051018351819;0.3485578686175055;0.27637320987488306;0.37506892150761145;0.512210385622423;0.5630239054697538
2026-03;15129802;Kosovo;Türkiye;0;1;2;0.09979505321229115;0.22348222050037225;0.6767227262873367;0.44320782631713296;0.3802332898866543;0.3166675287428703;0.31857656974299814;0.3647559015141315;0.35703691072829946;0.4382642433564159
2026-03;15129804;Bosnia & Herzegovina;Italy;5;2;1;0.32495807996545706;0.26703365186650024;0.4080082681680427;0.5464081607844627;0.587475287925083;0.15647296655022094;0.16756947682455098;0.675957556625228;0.8073213840841963;0.7221121278777416
2026-03;15129806;Poland;Sweden;2;3;2;0.24827293533246647;0.26961880304980196;0.4821082616177317;0.4973944761582284;0.5341899881263535;0.49188879532732455;0.2118936152569401;0.2962175894157354;0.7726861528908671;0.7537560929104385
2026-03;15184398;Portugal;USA;2;0;1;0.5196637738830805;0.24618585990045902;0.2341503662164605;0.5774628595052266;0.58837806616591;0.6079151391660665;0.18535234392610378;0.2067325169078298;0.8070517451893511;0.7522852989629294
2026-03;15184402;Belgium;USA;5;2;1;0.5292269286582899;0.23670345532448536;0.2340696160172247;0.6166699812573359;0.6173726584952755;0.7428918072003489;0.1411148393922989;0.11599335340735212;0.8392008945359879;0.7144255298129637
2026-03;15332281;Colombia;Croatia;1;2;2;0.3558975372281252;0.27748775652778973;0.36661470624408515;0.5081080595290073;0.5600315613067031;0.45034195931356735;0.2550694678231839;0.2945885728632487;0.5846332626778161;0.6115952881634765
2026-03;15341366;Brazil;France;1;2;2;0.26223551286153085;0.24800893525296283;0.4897555518855063;0.5939844829329629;0.6105246192015366;0.18966633838666383;0.21147083779759385;0.5988628238157422;0.6693977711727923;0.6342564971237998
2026-03;15362812;Germany;Switzerland;4;3;1;0.40817191496519745;0.25004244729129754;0.34178563774350496;0.6227661144834635;0.6464697301278525;0.5326506166261686;0.22979851625283151;0.23755086712099982;0.6493983926906389;0.6431041182920338
2026-03;15362813;Germany;Ghana;2;1;1;0.7201133342451762;0.1933780119070141;0.08650865384780963;0.5163894286481073;0.4102544460549035;0.4674139714384338;0.29870975205172084;0.2338762765098455;0.38637454844517166;0.444626511375039
2026-03;15366472;England;Uruguay;1;1;X;0.5267536181263217;0.24970450146216217;0.223541880411516;0.5526363670137994;0.5654712555837323;0.5948362651602358;0.26006552149911405;0.14509821334065026;0.41185910477640875;0.4102521624163657
2026-03;15366476;Ecuador;Netherlands;1;1;X;0.2935047619536184;0.2757083007641446;0.4307869372822369;0.5008100788236076;0.5484761038760783;0.17250505463103583;0.3386169664231916;0.48887797894577256;0.2419674492813355;0.30083148759769507
2026-03;15366477;England;Japan;0;1;2;0.3921118156337199;0.27815405390634257;0.3297341304599377;0.5024798698624968;0.5544908612241738;0.4123799476279314;0.29768038574275707;0.28993966662931164;0.41899317107986084;0.4848787456863276
2026-03;15366478;Netherlands;Norway;2;1;1;0.3979099936284483;0.24384911116095248;0.3582408952105992;0.6528825217568444;0.670132112614102;0.4225766934041117;0.19381441932381002;0.3836088872720782;0.8789581160259575;0.849919854082923
2026-03;15366480;Norway;Switzerland;0;0;X;0.41118610086737367;0.23672772238971512;0.3520861767429112;0.6838314641145097;0.6931773145965745;0.6669712273811849;0.16222881633253688;0.17079995628627823;0.8555563157069125;0.7755249644866302
2026-03;15372901;Egypt;Spain;0;0;X;0.07984761437068837;0.1912075521240847;0.728944833505227;0.5035632224418474;0.3889837122099109;0.29929750618941975;0.22856500047217101;0.47213749333840926;0.7012853956736528;0.6996797795256444
2026-03;15396516;Japan;Scotland;1;0;1;0.4557548470381019;0.28567436574124094;0.25857078722065713;0.44574130122669703;0.49839067908799706;0.802435952544757;0.13517620891999008;0.06238783853525293;0.6818919076577047;0.48274777063336016
2026-03;15400661;Cabo Verde;Chile;2;4;2;0.4182991920073928;0.2860883555965294;0.29561245239607786;0.4623964436770732;0.5195267812577887;0.4605964028632174;0.3329868702894732;0.20641672684730944;0.27609115309409976;0.3457198698533935
2026-03;15400662;Finland;New Zealand;2;0;1;0.28781736733454233;0.29011236034255705;0.42207027232290056;0.4447322589692901;0.5045253742255037;0.24597699025147654;0.2637021789711768;0.4903208307773466;0.5182213433075724;0.5489469960746949
2026-03;15400664;Cabo Verde;Finland;5;3;1;0.4329730529395588;0.2830313704152689;0.2839955766451722;0.46885107268420034;0.5223046866744562;0.5825112415753836;0.2621755401340175;0.1553132182905988;0.42062055385616937;0.42551385863699115
2026-03;15437151;Austria;Ghana;5;1;1;0.638047673519943;0.24849703313363952;0.11345529334641749;0.392577147775984;0.36294044213967186;0.48492373819448864;0.308343580981385;0.2067326808241265;0.33830621389101345;0.39583051773557926
2026-03;15437152;Belarus;Cyprus;1;0;1;0.3465868345043079;0.2934467173673189;0.3599664481283732;0.4455262995620353;0.5109883085355976;0.056867072318451936;0.1286550133802106;0.8144779143013376;0.6878664975304868;0.47288863177174234
2026-03;15437153;Canada;Iceland;2;2;X;0.7051834256252827;0.19412869710197272;0.1006878772727444;0.5558091641183585;0.4617637287158534;0.7105370695590161;0.15396221678523742;0.13550071365574654;0.8261718852528999;0.7216142127758683
2026-03;15437862;Australia;Cameroon;1;0;1;0.5940704251442508;0.25831363529166157;0.1476159395640877;0.4214540528276819;0.41951742963140976;0.3532017850304152;0.4099244977805183;0.23687371718906666;0.15050289888369228;0.24115886138705245
2026-03;15437863;Mexico;Portugal;0;0;X;0.2387024346688654;0.26703032336393867;0.494267241967196;0.49954937023886287;0.5323667674008074;0.2529144831507986;0.25090495725756884;0.49618055959163254;0.5747901792218696;0.5933357753257238
2026-03;15437864;Australia;Curaçao;5;1;1;0.4665993931347276;0.2586207697277439;0.27477983713752846;0.5588859671136646;0.5879451105993379;0.2286656996242537;0.34122667996103;0.43010762041471606;0.26909599049609434;0.3481735492383254
2026-03;15458672;Georgia;Israel;2;2;X;0.3626900594995023;0.273124446796906;0.36418549370359143;0.5261665612683257;0.5740100020793689;0.25444520407127585;0.196811108958972;0.5487436869697521;0.808107192209437;0.7715148613538104
2026-03;15533869;Ecuador;Morocco;1;1;X;0.3188176366199792;0.269701246583561;0.4114811167964601;0.5337875010797729;0.5772512349277348;0.11540147254338448;0.43053294497463906;0.45406558248197637;0.09670503512816862;0.14133527171736482
2026-03;15533871;Morocco;Paraguay;2;1;1;0.4667468052586455;0.2566215471295893;0.27663164761176523;0.5681992979502317;0.5953466762498839;0.620131251568953;0.2967071413543503;0.08316160707669647;0.23042256096578972;0.2108992818766268
2026-03;15598098;Peru;Senegal;0;2;2;0.09321031623869959;0.20472879785644604;0.7020608859048542;0.4928291793037136;0.40493241047893497;0.04503986815621737;0.23188666481561881;0.7230734670281638;0.28347878058556536;0.17344380665173492
2026-03;15598101;Algeria;Uruguay;0;0;X;0.2370493524765621;0.27856267468481744;0.48438797283862034;0.45597231487656936;0.4990451125173544;0.4164079107728262;0.28102398985607296;0.3025680993711009;0.48392292927390357;0.537146680503614
2026-03;15598110;Algeria;Guatemala;7;0;1;0.6138584430618436;0.2284022124202643;0.1577393445178921;0.5466439713647934;0.5197219557604965;0.6046838199482015;0.19883225560331058;0.1964839244484878;0.7344134436220198;0.6883069783906615
2026-03;15617773;Cameroon;China;2;0;1;0.4532665149092152;0.2893259017208678;0.257407583369917;0.4323046666251861;0.4877648543727114;0.6660939453762061;0.28175551227577356;0.05215054234802052;0.2100150709827324;0.14869460743280236
2026-03;15617776;Gabon;Uzbekistan;1;3;2;0.180625153850375;0.24903352614909405;0.570341320000531;0.5031882065782463;0.5051265057234863;0.13324226724456256;0.1982927578432574;0.6684649749121802;0.6217633254685516;0.5520959983945134
2026-03;15617781;Uzbekistan;Venezuela;5;4;1;0.546255551655076;0.25947114654632025;0.1942733017986039;0.482371579493369;0.49838188929281335;0.7106484647412145;0.20276857593121636;0.0865829593275692;0.48099159159927385;0.3855152072463491
2026-03;15621386;China;Curaçao;2;0;1;0.31878525276264613;0.3158654066158545;0.36534934062149926;0.36580400956449177;0.4456307680730468;0.015217920892712648;0.10502599597734191;0.8797560831299454;0.5194619966995305;0.17120479452807533
2026-03;15650607;Honduras;Peru;2;2;X;0.34911255383459733;0.3172713330253365;0.3336161131400663;0.36258329624339386;0.4436018405731817;0.3985842937644846;0.4110814261300323;0.19033428010548323;0.13882862573603047;0.2174697574497253
2026-03;15655701;Colombia;France;1;3;2;0.27610232885691316;0.27413359775004636;0.4497640733930406;0.498358802630637;0.5429412843236383;0.3884972113243403;0.2479562278470051;0.3635465608286548;0.6350786412774535;0.6568756438076884
2026-03;15680561;Hungary;Slovenia;1;0;1;0.3765074001568233;0.2825507791573264;0.3409418206858501;0.4868268275516637;0.543132061302132;0.21069992651443462;0.2859698624432587;0.5033302110423068;0.40854244989130406;0.4519044600047983
2026-03;15680562;Haiti;Tunisia;0;1;2;0.2897607876511771;0.260993346525312;0.4492458658235109;0.5576825310604305;0.590507502540303;0.6254125237923207;0.1740443982158765;0.20054307799180263;0.8477843918456223;0.7844979659062752
2026-03;15691369;Haiti;Iceland;1;1;X;0.4059959632480735;0.28568205353056425;0.3083219832213622;0.46817685625005206;0.5258727613903965;0.8798127177432996;0.07524600287570285;0.044941279380997505;0.9137177565941357;0.6784275890989149
2026-03;15691370;Greece;Hungary;0;0;X;0.4019175307880688;0.2766606433939032;0.3214218258180282;0.5065580135601232;0.556847524194601;0.7167915268336204;0.16562857896923366;0.11757989419714604;0.7294378010230799;0.6185349111962601
2026-03;15691372;Austria;South Korea;1;0;1;0.4884970933119987;0.2576133132806561;0.2538895934073451;0.5484099953837566;0.5740880031057454;0.3422508208094304;0.32482498595122344;0.332924193239346;0.3391493267816226;0.4239481363237204
2026-03;15718024;Chile;New Zealand;1;4;2;0.3281859246018533;0.2966858971040272;0.37512817829411943;0.4320073490394563;0.49956014407612115;0.3103553104123762;0.3134655214896248;0.3761791680979989;0.37213967009439003;0.4501585609824833
2026-03;15776614;Nicaragua;Russia;1;3;2;0.21551018016782736;0.25630667006937274;0.5281831497627999;0.5183630218182709;0.5363701139903474;0.030840809656629078;0.13279042063579982;0.836368769707571;0.5182826670734154;0.25814137696896744
2026-03;15776615;Panama;South Africa;1;1;X;0.504139304669088;0.2689482861447228;0.22691240918618924;0.4821254912363831;0.5146252478074752;0.21721091405135276;0.2581349726650599;0.5246541132835875;0.5131606672046051;0.5333345046899962
2026-03;15776616;Côte d'Ivoire;South Korea;4;0;1;0.3276564091174011;0.2621650670234019;0.41017852385919695;0.5673893825775373;0.6035800430192301;0.35139996557603154;0.2987923493919146;0.349807685032054;0.42592470340384103;0.49541176386339203
2026-03;15776619;Panama;South Africa;2;1;1;0.507373076087262;0.26776573673762266;0.22486118717511552;0.48459050283847493;0.5155834497462178;0.21721091405135276;0.2581349726650599;0.5246541132835875;0.5131606672046051;0.5333345046899962
2026-03;15794173;Serbia;Spain;0;3;2;0.030303256489018753;0.12945748092523626;0.8402392625857451;0.5288905238881909;0.26224036417135926;0.11547287377295515;0.17802637514775072;0.7065007510792941;0.6670161403134427;0.5659836661985385
2026-03;15842566;Saudi Arabia;Serbia;1;2;2;0.43629138381012994;0.32871626135369464;0.23499235483617534;0.3021885870212141;0.3778095940290942;0.29300875475247784;0.44181223636864414;0.26517900887887796;0.11514954347950913;0.20566125599756518
2026-03;15847002;Argentina;Mauritania;2;1;1;0.912716374584974;0.0777070918327828;0.00957653358224323;0.5865669048244262;0.15570719414305526;0.7733820070860228;0.20335871685384932;0.02325927606012792;0.28105273583395257;0.10887631073848106
2026-03;15859096;Egypt;Saudi Arabia;4;0;1;0.4985759418910091;0.2803873102112835;0.22103674789770728;0.4363175988609042;0.4776899329047697;0.44935308719602857;0.37596795560719426;0.17467895719677726;0.1793847944167177;0.24881498776392888
2026-03;15884050;Argentina;Zambia;5;0;1;0.8941774311539505;0.08919650908475067;0.016626059761298634;0.6077731768555732;0.2310778505447158;0.8691631102961206;0.11621516600701454;0.014621723696864866;0.4705173326986737;0.14407737573550608
2026-03;15888803;Mali;Russia;0;0;X;0.5259447031992631;0.25516992906732194;0.21888536773341488;0.5263053098632908;0.5438569573939699;0.41812930127268194;0.326928615267817;0.2549420834595009;0.3159533578408834;0.3948013389773389
2026-03;15891476;Northern Ireland;Wales;1;1;X;0.20991941936925426;0.211205654588479;0.5788749260422666;0.6983800305859713;0.667608449919053;0.1789734649971488;0.23228116272977836;0.5887453722730729;0.5659635452994836;0.5501599700724926
2026-03;15891665;Ireland;North Macedonia;0;0;X;0.42777170689135924;0.27844459773541935;0.29378369537322135;0.49039860210395936;0.5406223593245745;0.4673870094488925;0.28192990459776845;0.25068308595333905;0.45395106380194844;0.5022467419310115
2026-04;15122651;Bolivia;Iraq;1;2;2;0.2655223101343988;0.286305989337592;0.44817170052800936;0.4475602483676;0.5016961726050466;0.10757523333310816;0.2839179711458754;0.6085067955210165;0.2898380603788614;0.28308162060043196
2026-04;15332282;Brazil;Croatia;3;1;1;0.38032849929142587;0.27235116694353295;0.34732033376504107;0.5285414592548441;0.575506091656819;0.22935418803057775;0.23946446467289653;0.5311813472965257;0.6003494847076518;0.603307176709987
2026-04;15372905;Belgium;Mexico;1;1;X;0.5604556830784304;0.23877552382918374;0.2007687930923859;0.5702002882147286;0.5669159107833297;0.6204590653061126;0.21396982204457102;0.16557111264931632;0.619699086523508;0.5801196129227082
2026-04;15691374;Canada;Tunisia;0;0;X;0.49770663807305277;0.25457898840112286;0.24771437352582446;0.5556332507152405;0.5773552148634805;0.37102974890830315;0.22136401710261144;0.4076062339890853;0.7557723401436726;0.7490995321739293
2026-06;11740244;China;Thailand;1;1;X;0.28580511702831624;0.27770203322658665;0.4364928497450972;0.4896891329468433;0.5385419117101501;0.013465271484552363;0.0830344637367731;0.9035002647786745;0.605798118950958;0.20382240196198
2026-06;11886362;Colombia;Costa Rica;3;0;1;0.7520117963890286;0.19081088999045895;0.05717731362051234;0.4274470208107599;0.28843618157410494;0.6032352480712794;0.2399647205615887;0.1568000313671318;0.5005516764694677;0.4852013998084279
2026-06;13424950;Tanzania;Uganda;1;1;X;0.34420426837487894;0.2973103278160318;0.3584854038090892;0.4311838598032413;0.49955573678526766;0.22312834621659258;0.3846960709611741;0.3921755828222334;0.18408035519925184;0.27100190038538596
2026-06;14552802;Madagascar;Morocco;2;3;2;0.15514875639185885;0.25656112855769636;0.5882901150504448;0.4389582587305184;0.43881483345235284;0.10438093918203362;0.21168628081560942;0.6839327800023569;0.4968490658163078;0.42474877435660563
2026-06;14994235;Paraguay;USA;1;2;2;0.34449986985530995;0.2924144880964648;0.3630856420482254;0.44928504642461004;0.5139154136404508;0.33104816788924873;0.31277323159901943;0.3561786005117317;0.37695996351296923;0.45539499150171814
