partido_id;a;b;prob
ARG_ALG;0;0;0,0802
ARG_ALG;0;1;0,0385
ARG_ALG;0;2;0,0144
ARG_ALG;0;3;0,003
ARG_ALG;1;0;0,1381
ARG_ALG;1;1;0,0988
ARG_ALG;1;2;0,0288
ARG_ALG;1;3;0,006
ARG_ALG;2;0;0,1449
ARG_ALG;2;1;0,0912
ARG_ALG;2;2;0,0287
ARG_ALG;2;3;0,006
ARG_ALG;3;0;0,0963
ARG_ALG;3;1;0,0606
ARG_ALG;3;2;0,0191
ARG_ALG;3;3;0,004
ARG_ALG;4;0;0,048
ARG_ALG;4;1;0,0302
ARG_ALG;4;2;0,0095
ARG_ALG;4;3;0,002
ARG_ALG;5;0;0,0192
ARG_ALG;5;1;0,012
ARG_ALG;5;2;0,0038
ARG_ALG;6;0;0,0064
ARG_ALG;6;1;0,004
ARG_ALG;6;2;0,0013
ARG_AUT;0;0;0,0721
ARG_AUT;0;1;0,0521
ARG_AUT;0;2;0,0293
ARG_AUT;0;3;0,0094
ARG_AUT;0;4;0,0023
ARG_AUT;1;0;0,1052
ARG_AUT;1;1;0,1184
ARG_AUT;1;2;0,0527
ARG_AUT;1;3;0,0169
ARG_AUT;1;4;0,0041
ARG_AUT;2;0;0,1026
ARG_AUT;2;1;0,0987
ARG_AUT;2;2;0,0475
ARG_AUT;2;3;0,0152
ARG_AUT;2;4;0,0037
ARG_AUT;3;0;0,0616
ARG_AUT;3;1;0,0592
ARG_AUT;3;2;0,0285
ARG_AUT;3;3;0,0091
ARG_AUT;3;4;0,0022
ARG_AUT;4;0;0,0277
ARG_AUT;4;1;0,0267
ARG_AUT;4;2;0,0128
ARG_AUT;4;3;0,0041
ARG_AUT;5;0;0,01
ARG_AUT;5;1;0,0096
ARG_AUT;5;2;0,0046
ARG_AUT;5;3;0,0015
ARG_AUT;6;0;0,003
ARG_AUT;6;1;0,0029
ARG_AUT;6;2;0,0014
ARG_JOR;0;0;0,0709
ARG_JOR;0;1;0,0338
ARG_JOR;0;2;0,013
ARG_JOR;0;3;0,0027
ARG_JOR;1;0;0,1287
ARG_JOR;1;1;0,0932
ARG_JOR;1;2;0,0274
ARG_JOR;1;3;0,0058
ARG_JOR;2;0;0,1437
ARG_JOR;2;1;0,0914
ARG_JOR;2;2;0,0291
ARG_JOR;2;3;0,0062
ARG_JOR;3;0;0,1015
ARG_JOR;3;1;0,0646
ARG_JOR;3;2;0,0205
ARG_JOR;3;3;0,0044
ARG_JOR;4;0;0,0537
ARG_JOR;4;1;0,0342
ARG_JOR;4;2;0,0109
ARG_JOR;4;3;0,0023
ARG_JOR;5;0;0,0228
ARG_JOR;5;1;0,0145
ARG_JOR;5;2;0,0046
ARG_JOR;6;0;0,008
ARG_JOR;6;1;0,0051
ARG_JOR;6;2;0,0016
AUS_TUR;0;0;0,0914
AUS_TUR;0;1;0,0908
AUS_TUR;0;2;0,063
AUS_TUR;0;3;0,0261
AUS_TUR;0;4;0,0081
AUS_TUR;0;5;0,002
AUS_TUR;1;0;0,0925
AUS_TUR;1;1;0,1383
AUS_TUR;1;2;0,0797
AUS_TUR;1;3;0,0331
AUS_TUR;1;4;0,0103
AUS_TUR;1;5;0,0026
AUS_TUR;2;0;0,0651
AUS_TUR;2;1;0,0811
AUS_TUR;2;2;0,0505
AUS_TUR;2;3;0,021
AUS_TUR;2;4;0,0065
AUS_TUR;2;5;0,0016
AUS_TUR;3;0;0,0275
AUS_TUR;3;1;0,0342
AUS_TUR;3;2;0,0213
AUS_TUR;3;3;0,0089
AUS_TUR;3;4;0,0028
AUS_TUR;4;0;0,0087
AUS_TUR;4;1;0,0108
AUS_TUR;4;2;0,0068
AUS_TUR;4;3;0,0028
AUS_TUR;5;0;0,0022
AUS_TUR;5;1;0,0027
AUS_TUR;5;2;0,0017
AUS_USA;0;0;0,0829
AUS_USA;0;1;0,0834
AUS_USA;0;2;0,0599
AUS_USA;0;3;0,0256
AUS_USA;0;4;0,0082
AUS_USA;0;5;0,0021
AUS_USA;1;0;0,0875
AUS_USA;1;1;0,135
AUS_USA;1;2;0,0801
AUS_USA;1;3;0,0342
AUS_USA;1;4;0,011
AUS_USA;1;5;0,0028
AUS_USA;2;0;0,0653
AUS_USA;2;1;0,0836
AUS_USA;2;2;0,0536
AUS_USA;2;3;0,0229
AUS_USA;2;4;0,0073
AUS_USA;2;5;0,0019
AUS_USA;3;0;0,0291
AUS_USA;3;1;0,0373
AUS_USA;3;2;0,0239
AUS_USA;3;3;0,0102
AUS_USA;3;4;0,0033
AUS_USA;4;0;0,0097
AUS_USA;4;1;0,0125
AUS_USA;4;2;0,008
AUS_USA;4;3;0,0034
AUS_USA;4;4;0,0011
AUS_USA;5;0;0,0026
AUS_USA;5;1;0,0033
AUS_USA;5;2;0,0021
AUT_ALG;0;0;0,0633
AUT_ALG;0;1;0,0539
AUT_ALG;0;2;0,0361
AUT_ALG;0;3;0,0139
AUT_ALG;0;4;0,004
AUT_ALG;1;0;0,0871
AUT_ALG;1;1;0,1193
AUT_ALG;1;2;0,0636
AUT_ALG;1;3;0,0244
AUT_ALG;1;4;0,007
AUT_ALG;1;5;0,0016
AUT_ALG;2;0;0,0844
AUT_ALG;2;1;0,0973
AUT_ALG;2;2;0,056
AUT_ALG;2;3;0,0215
AUT_ALG;2;4;0,0062
AUT_ALG;2;5;0,0014
AUT_ALG;3;0;0,0496
AUT_ALG;3;1;0,0571
AUT_ALG;3;2;0,0329
AUT_ALG;3;3;0,0126
AUT_ALG;3;4;0,0036
AUT_ALG;4;0;0,0218
AUT_ALG;4;1;0,0251
AUT_ALG;4;2;0,0145
AUT_ALG;4;3;0,0056
AUT_ALG;4;4;0,0016
AUT_ALG;5;0;0,0077
AUT_ALG;5;1;0,0089
AUT_ALG;5;2;0,0051
AUT_ALG;5;3;0,002
AUT_ALG;6;0;0,0023
AUT_ALG;6;1;0,0026
AUT_ALG;6;2;0,0015
BRA_SCO;0;0;0,0751
BRA_SCO;0;1;0,0554
BRA_SCO;0;2;0,0314
BRA_SCO;0;3;0,0102
BRA_SCO;0;4;0,0025
BRA_SCO;1;0;0,1063
BRA_SCO;1;1;0,1213
BRA_SCO;1;2;0,0547
BRA_SCO;1;3;0,0178
BRA_SCO;1;4;0,0043
BRA_SCO;2;0;0,1006
BRA_SCO;2;1;0,098
BRA_SCO;2;2;0,0478
BRA_SCO;2;3;0,0155
BRA_SCO;2;4;0,0038
BRA_SCO;3;0;0,0585
BRA_SCO;3;1;0,057
BRA_SCO;3;2;0,0278
BRA_SCO;3;3;0,009
BRA_SCO;3;4;0,0022
BRA_SCO;4;0;0,0255
BRA_SCO;4;1;0,0249
BRA_SCO;4;2;0,0121
BRA_SCO;4;3;0,0039
BRA_SCO;5;0;0,0089
BRA_SCO;5;1;0,0087
BRA_SCO;5;2;0,0042
BRA_SCO;5;3;0,0014
BRA_SCO;6;0;0,0026
BRA_SCO;6;1;0,0025
BRA_SCO;6;2;0,0012
CAN_BIH;0;0;0,0581
CAN_BIH;0;1;0,0499
CAN_BIH;0;2;0,0346
CAN_BIH;0;3;0,0136
CAN_BIH;0;4;0,004
CAN_BIH;1;0;0,0819
CAN_BIH;1;1;0,1154
CAN_BIH;1;2;0,0631
CAN_BIH;1;3;0,0249
CAN_BIH;1;4;0,0073
CAN_BIH;1;5;0,0017
CAN_BIH;2;0;0,0826
CAN_BIH;2;1;0,0976
CAN_BIH;2;2;0,0577
CAN_BIH;2;3;0,0227
CAN_BIH;2;4;0,0067
CAN_BIH;2;5;0,0016
CAN_BIH;3;0;0,0503
CAN_BIH;3;1;0,0595
CAN_BIH;3;2;0,0351
CAN_BIH;3;3;0,0138
CAN_BIH;3;4;0,0041
CAN_BIH;4;0;0,023
CAN_BIH;4;1;0,0272
CAN_BIH;4;2;0,016
CAN_BIH;4;3;0,0063
CAN_BIH;4;4;0,0019
CAN_BIH;5;0;0,0084
CAN_BIH;5;1;0,0099
CAN_BIH;5;2;0,0059
CAN_BIH;5;3;0,0023
CAN_BIH;6;0;0,0026
CAN_BIH;6;1;0,003
CAN_BIH;6;2;0,0018
CAN_SUI;0;0;0,0754
CAN_SUI;0;1;0,0862
CAN_SUI;0;2;0,0701
CAN_SUI;0;3;0,0341
CAN_SUI;0;4;0,0125
CAN_SUI;0;5;0,0036
CAN_SUI;1;0;0,0733
CAN_SUI;1;1;0,1309
CAN_SUI;1;2;0,0885
CAN_SUI;1;3;0,0431
CAN_SUI;1;4;0,0157
CAN_SUI;1;5;0,0046
CAN_SUI;1;6;0,0011
CAN_SUI;2;0;0,0524
CAN_SUI;2;1;0,0766
CAN_SUI;2;2;0,0559
CAN_SUI;2;3;0,0272
CAN_SUI;2;4;0,0099
CAN_SUI;2;5;0,0029
CAN_SUI;3;0;0,0221
CAN_SUI;3;1;0,0322
CAN_SUI;3;2;0,0236
CAN_SUI;3;3;0,0115
CAN_SUI;3;4;0,0042
CAN_SUI;3;5;0,0012
CAN_SUI;4;0;0,007
CAN_SUI;4;1;0,0102
CAN_SUI;4;2;0,0074
CAN_SUI;4;3;0,0036
CAN_SUI;4;4;0,0013
CAN_SUI;5;0;0,0018
CAN_SUI;5;1;0,0026
CAN_SUI;5;2;0,0019
CIV_ECU;0;0;0,0807
CIV_ECU;0;1;0,0862
CIV_ECU;0;2;0,0652
CIV_ECU;0;3;0,0295
CIV_ECU;0;4;0,01
CIV_ECU;0;5;0,0027
CIV_ECU;1;0;0,0815
CIV_ECU;1;1;0,134
CIV_ECU;1;2;0,0843
CIV_ECU;1;3;0,0381
CIV_ECU;1;4;0,0129
CIV_ECU;1;5;0,0035
CIV_ECU;2;0;0,059
CIV_ECU;2;1;0,0801
CIV_ECU;2;2;0,0544
CIV_ECU;2;3;0,0246
CIV_ECU;2;4;0,0084
CIV_ECU;2;5;0,0023
CIV_ECU;3;0;0,0254
CIV_ECU;3;1;0,0345
CIV_ECU;3;2;0,0234
CIV_ECU;3;3;0,0106
CIV_ECU;3;4;0,0036
CIV_ECU;4;0;0,0082
CIV_ECU;4;1;0,0111
CIV_ECU;4;2;0,0076
CIV_ECU;4;3;0,0034
CIV_ECU;4;4;0,0012
CIV_ECU;5;0;0,0021
CIV_ECU;5;1;0,0029
CIV_ECU;5;2;0,002
CIV_GER;0;0;0,064
CIV_GER;0;1;0,0894
CIV_GER;0;2;0,0873
CIV_GER;0;3;0,0518
CIV_GER;0;4;0,023
CIV_GER;0;5;0,0082
CIV_GER;0;6;0,0024
CIV_GER;1;0;0,053
CIV_GER;1;1;0,1188
CIV_GER;1;2;0,0979
CIV_GER;1;3;0,058
CIV_GER;1;4;0,0258
CIV_GER;1;5;0,0092
CIV_GER;1;6;0,0027
CIV_GER;2;0;0,0346
CIV_GER;2;1;0,0616
CIV_GER;2;2;0,0548
CIV_GER;2;3;0,0325
CIV_GER;2;4;0,0145
CIV_GER;2;5;0,0051
CIV_GER;2;6;0,0015
CIV_GER;3;0;0,0129
CIV_GER;3;1;0,023
CIV_GER;3;2;0,0205
CIV_GER;3;3;0,0121
CIV_GER;3;4;0,0054
CIV_GER;3;5;0,0019
CIV_GER;4;0;0,0036
CIV_GER;4;1;0,0065
CIV_GER;4;2;0,0057
CIV_GER;4;3;0,0034
CIV_GER;4;4;0,0015
CIV_GER;5;1;0,0014
CIV_GER;5;2;0,0013
COD_COL;0;0;0,0751
COD_COL;0;1;0,1142
COD_COL;0;2;0,1131
COD_COL;0;3;0,0695
COD_COL;0;4;0,032
COD_COL;0;5;0,0118
COD_COL;0;6;0,0036
COD_COL;1;0;0,0493
COD_COL;1;1;0,1152
COD_COL;1;2;0,0983
COD_COL;1;3;0,0604
COD_COL;1;4;0,0278
COD_COL;1;5;0,0103
COD_COL;1;6;0,0031
COD_COL;2;0;0,0252
COD_COL;2;1;0,0464
COD_COL;2;2;0,0427
COD_COL;2;3;0,0262
COD_COL;2;4;0,0121
COD_COL;2;5;0,0045
COD_COL;2;6;0,0014
COD_COL;3;0;0,0073
COD_COL;3;1;0,0134
COD_COL;3;2;0,0124
COD_COL;3;3;0,0076
COD_COL;3;4;0,0035
COD_COL;3;5;0,0013
COD_COL;4;0;0,0016
COD_COL;4;1;0,0029
COD_COL;4;2;0,0027
COD_COL;4;3;0,0017
COD_POR;0;0;0,0729
COD_POR;0;1;0,1098
COD_POR;0;2;0,1089
COD_POR;0;3;0,0668
COD_POR;0;4;0,0307
COD_POR;0;5;0,0113
COD_POR;0;6;0,0035
COD_POR;1;0;0,0497
COD_POR;1;1;0,1159
COD_POR;1;2;0,0987
COD_POR;1;3;0,0606
COD_POR;1;4;0,0279
COD_POR;1;5;0,0103
COD_POR;1;6;0,0031
COD_POR;2;0;0,0264
COD_POR;2;1;0,0486
COD_POR;2;2;0,0447
COD_POR;2;3;0,0274
COD_POR;2;4;0,0126
COD_POR;2;5;0,0046
COD_POR;2;6;0,0014
COD_POR;3;0;0,008
COD_POR;3;1;0,0147
COD_POR;3;2;0,0135
COD_POR;3;3;0,0083
COD_POR;3;4;0,0038
COD_POR;3;5;0,0014
COD_POR;4;0;0,0018
COD_POR;4;1;0,0033
COD_POR;4;2;0,0031
COD_POR;4;3;0,0019
COD_UZB;0;0;0,0751
COD_UZB;0;1;0,0975
COD_UZB;0;2;0,0869
COD_UZB;0;3;0,0471
COD_UZB;0;4;0,0191
COD_UZB;0;5;0,0062
COD_UZB;0;6;0,0017
COD_UZB;1;0;0,0628
COD_UZB;1;1;0,1267
COD_UZB;1;2;0,0954
COD_UZB;1;3;0,0517
COD_UZB;1;4;0,021
COD_UZB;1;5;0,0068
COD_UZB;1;6;0,0019
COD_UZB;2;0;0,0396
COD_UZB;2;1;0,0644
COD_UZB;2;2;0,0524
COD_UZB;2;3;0,0284
COD_UZB;2;4;0,0115
COD_UZB;2;5;0,0037
COD_UZB;2;6;0,001
COD_UZB;3;0;0,0145
COD_UZB;3;1;0,0236
COD_UZB;3;2;0,0192
COD_UZB;3;3;0,0104
COD_UZB;3;4;0,0042
COD_UZB;3;5;0,0014
COD_UZB;4;0;0,004
COD_UZB;4;1;0,0065
COD_UZB;4;2;0,0053
COD_UZB;4;3;0,0029
COD_UZB;4;4;0,0012
COD_UZB;5;1;0,0014
COD_UZB;5;2;0,0012
COL_POR;0;0;0,0668
COL_POR;0;1;0,0797
COL_POR;0;2;0,0691
COL_POR;0;3;0,0357
COL_POR;0;4;0,0138
COL_POR;0;5;0,0043
COL_POR;0;6;0,0011
COL_POR;1;0;0,0658
COL_POR;1;1;0,1258
COL_POR;1;2;0,0903
COL_POR;1;3;0,0467
COL_POR;1;4;0,0181
COL_POR;1;5;0,0056
COL_POR;1;6;0,0015
COL_POR;2;0;0,0491
COL_POR;2;1;0,0762
COL_POR;2;2;0,0591
COL_POR;2;3;0,0305
COL_POR;2;4;0,0118
COL_POR;2;5;0,0037
COL_POR;3;0;0,0214
COL_POR;3;1;0,0332
COL_POR;3;2;0,0258
COL_POR;3;3;0,0133
COL_POR;3;4;0,0052
COL_POR;3;5;0,0016
COL_POR;4;0;0,007
COL_POR;4;1;0,0109
COL_POR;4;2;0,0084
COL_POR;4;3;0,0044
COL_POR;4;4;0,0017
COL_POR;5;0;0,0018
COL_POR;5;1;0,0028
COL_POR;5;2;0,0022
COL_POR;5;3;0,0011
COL_UZB;0;0;0,0536
COL_UZB;0;1;0,0447
COL_UZB;0;2;0,0307
COL_UZB;0;3;0,0119
COL_UZB;0;4;0,0035
COL_UZB;1;0;0,0796
COL_UZB;1;1;0,1103
COL_UZB;1;2;0,0594
COL_UZB;1;3;0,023
COL_UZB;1;4;0,0067
COL_UZB;1;5;0,0016
COL_UZB;2;0;0,0848
COL_UZB;2;1;0,0987
COL_UZB;2;2;0,0574
COL_UZB;2;3;0,0223
COL_UZB;2;4;0,0065
COL_UZB;2;5;0,0015
COL_UZB;3;0;0,0546
COL_UZB;3;1;0,0636
COL_UZB;3;2;0,037
COL_UZB;3;3;0,0143
COL_UZB;3;4;0,0042
COL_UZB;4;0;0,0264
COL_UZB;4;1;0,0307
COL_UZB;4;2;0,0179
COL_UZB;4;3;0,0069
COL_UZB;4;4;0,002
COL_UZB;5;0;0,0102
COL_UZB;5;1;0,0119
COL_UZB;5;2;0,0069
COL_UZB;5;3;0,0027
COL_UZB;6;0;0,0033
COL_UZB;6;1;0,0038
COL_UZB;6;2;0,0022
CPV_ESP;0;0;0,0753
CPV_ESP;0;1;0,1654
CPV_ESP;0;2;0,2003
CPV_ESP;0;3;0,158
CPV_ESP;0;4;0,0935
CPV_ESP;0;5;0,0443
CPV_ESP;0;6;0,0175
CPV_ESP;1;0;0,0163
CPV_ESP;1;1;0,0515
CPV_ESP;1;2;0,0565
CPV_ESP;1;3;0,0446
CPV_ESP;1;4;0,0264
CPV_ESP;1;5;0,0125
CPV_ESP;1;6;0,0049
CPV_ESP;2;0;0,0028
CPV_ESP;2;1;0,0067
CPV_ESP;2;2;0,008
CPV_ESP;2;3;0,0063
CPV_ESP;2;4;0,0037
CPV_ESP;2;5;0,0018
CPV_URU;0;0;0,0876
CPV_URU;0;1;0,1251
CPV_URU;0;2;0,1144
CPV_URU;0;3;0,0651
CPV_URU;0;4;0,0278
CPV_URU;0;5;0,0095
CPV_URU;0;6;0,0027
CPV_URU;1;0;0,0569
CPV_URU;1;1;0,1215
CPV_URU;1;2;0,096
CPV_URU;1;3;0,0546
CPV_URU;1;4;0,0233
CPV_URU;1;5;0,008
CPV_URU;1;6;0,0023
CPV_URU;2;0;0,0277
CPV_URU;2;1;0,0472
CPV_URU;2;2;0,0403
CPV_URU;2;3;0,0229
CPV_URU;2;4;0,0098
CPV_URU;2;5;0,0033
CPV_URU;3;0;0,0077
CPV_URU;3;1;0,0132
CPV_URU;3;2;0,0113
CPV_URU;3;3;0,0064
CPV_URU;3;4;0,0027
CPV_URU;4;0;0,0016
CPV_URU;4;1;0,0028
CPV_URU;4;2;0,0024
CPV_URU;4;3;0,0013
CRO_ENG;0;0;0,0504
CRO_ENG;0;1;0,0655
CRO_ENG;0;2;0,065
CRO_ENG;0;3;0,0381
CRO_ENG;0;4;0,0167
CRO_ENG;0;5;0,0059
CRO_ENG;0;6;0,0017
CRO_ENG;1;0;0,0511
CRO_ENG;1;1;0,1128
CRO_ENG;1;2;0,0919
CRO_ENG;1;3;0,0539
CRO_ENG;1;4;0,0237
CRO_ENG;1;5;0,0083
CRO_ENG;1;6;0,0024
CRO_ENG;2;0;0,042
CRO_ENG;2;1;0,0739
CRO_ENG;2;2;0,065
CRO_ENG;2;3;0,0381
CRO_ENG;2;4;0,0167
CRO_ENG;2;5;0,0059
CRO_ENG;2;6;0,0017
CRO_ENG;3;0;0,0198
CRO_ENG;3;1;0,0348
CRO_ENG;3;2;0,0306
CRO_ENG;3;3;0,0179
CRO_ENG;3;4;0,0079
CRO_ENG;3;5;0,0028
CRO_ENG;4;0;0,007
CRO_ENG;4;1;0,0123
CRO_ENG;4;2;0,0108
CRO_ENG;4;3;0,0063
CRO_ENG;4;4;0,0028
CRO_ENG;5;0;0,002
CRO_ENG;5;1;0,0035
CRO_ENG;5;2;0,0031
CRO_ENG;5;3;0,0018
CUR_CIV;0;0;0,0702
CUR_CIV;0;1;0,1101
CUR_CIV;0;2;0,1131
CUR_CIV;0;3;0,072
CUR_CIV;0;4;0,0344
CUR_CIV;0;5;0,0131
CUR_CIV;0;6;0,0042
CUR_CIV;1;0;0,0459
CUR_CIV;1;1;0,1118
CUR_CIV;1;2;0,0989
CUR_CIV;1;3;0,063
CUR_CIV;1;4;0,0301
CUR_CIV;1;5;0,0115
CUR_CIV;1;6;0,0037
CUR_CIV;2;0;0,0237
CUR_CIV;2;1;0,0452
CUR_CIV;2;2;0,0432
CUR_CIV;2;3;0,0275
CUR_CIV;2;4;0,0131
CUR_CIV;2;5;0,005
CUR_CIV;2;6;0,0016
CUR_CIV;3;0;0,0069
CUR_CIV;3;1;0,0132
CUR_CIV;3;2;0,0126
CUR_CIV;3;3;0,008
CUR_CIV;3;4;0,0038
CUR_CIV;3;5;0,0015
CUR_CIV;4;0;0,0015
CUR_CIV;4;1;0,0029
CUR_CIV;4;2;0,0028
CUR_CIV;4;3;0,0018
CUR_ECU;0;0;0,0909
CUR_ECU;0;1;0,1484
CUR_ECU;0;2;0,1463
CUR_ECU;0;3;0,0914
CUR_ECU;0;4;0,0428
CUR_ECU;0;5;0,0161
CUR_ECU;0;6;0,005
CUR_ECU;1;0;0,0435
CUR_ECU;1;1;0,1036
CUR_ECU;1;2;0,0899
CUR_ECU;1;3;0,0562
CUR_ECU;1;4;0,0263
CUR_ECU;1;5;0,0099
CUR_ECU;1;6;0,0031
CUR_ECU;2;0;0,0157
CUR_ECU;2;1;0,0295
CUR_ECU;2;2;0,0276
CUR_ECU;2;3;0,0173
CUR_ECU;2;4;0,0081
CUR_ECU;2;5;0,003
CUR_ECU;3;0;0,0032
CUR_ECU;3;1;0,006
CUR_ECU;3;2;0,0057
CUR_ECU;3;3;0,0035
CUR_ECU;3;4;0,0017
CUR_GER;0;0;0,0584
CUR_GER;0;1;0,1241
CUR_GER;0;2;0,1578
CUR_GER;0;3;0,1282
CUR_GER;0;4;0,0782
CUR_GER;0;5;0,0381
CUR_GER;0;6;0,0155
CUR_GER;1;0;0,0218
CUR_GER;1;1;0,0713
CUR_GER;1;2;0,0805
CUR_GER;1;3;0,0654
CUR_GER;1;4;0,0399
CUR_GER;1;5;0,0195
CUR_GER;1;6;0,0079
CUR_GER;2;0;0,0069
CUR_GER;2;1;0,0169
CUR_GER;2;2;0,0205
CUR_GER;2;3;0,0167
CUR_GER;2;4;0,0102
CUR_GER;2;5;0,005
CUR_GER;2;6;0,002
CUR_GER;3;0;0,0012
CUR_GER;3;1;0,0029
CUR_GER;3;2;0,0035
CUR_GER;3;3;0,0028
CUR_GER;3;4;0,0017
ECU_GER;0;0;0,0744
ECU_GER;0;1;0,0903
ECU_GER;0;2;0,0769
ECU_GER;0;3;0,0394
ECU_GER;0;4;0,0152
ECU_GER;0;5;0,0047
ECU_GER;0;6;0,0012
ECU_GER;1;0;0,0681
ECU_GER;1;1;0,1291
ECU_GER;1;2;0,092
ECU_GER;1;3;0,0472
ECU_GER;1;4;0,0182
ECU_GER;1;5;0,0056
ECU_GER;1;6;0,0014
ECU_GER;2;0;0,0465
ECU_GER;2;1;0,0716
ECU_GER;2;2;0,0551
ECU_GER;2;3;0,0283
ECU_GER;2;4;0,0109
ECU_GER;2;5;0,0033
ECU_GER;3;0;0,0186
ECU_GER;3;1;0,0286
ECU_GER;3;2;0,022
ECU_GER;3;3;0,0113
ECU_GER;3;4;0,0043
ECU_GER;3;5;0,0013
ECU_GER;4;0;0,0056
ECU_GER;4;1;0,0086
ECU_GER;4;2;0,0066
ECU_GER;4;3;0,0034
ECU_GER;4;4;0,0013
ECU_GER;5;0;0,0013
ECU_GER;5;1;0,002
ECU_GER;5;2;0,0016
EGY_BEL;0;0;0,0771
EGY_BEL;0;1;0,1004
EGY_BEL;0;2;0,089
EGY_BEL;0;3;0,0481
EGY_BEL;0;4;0,0195
EGY_BEL;0;5;0,0063
EGY_BEL;0;6;0,0017
EGY_BEL;1;0;0,0632
EGY_BEL;1;1;0,1272
EGY_BEL;1;2;0,0955
EGY_BEL;1;3;0,0516
EGY_BEL;1;4;0,0209
EGY_BEL;1;5;0,0068
EGY_BEL;1;6;0,0018
EGY_BEL;2;0;0,0389
EGY_BEL;2;1;0,0631
EGY_BEL;2;2;0,0512
EGY_BEL;2;3;0,0277
EGY_BEL;2;4;0,0112
EGY_BEL;2;5;0,0036
EGY_BEL;3;0;0,0139
EGY_BEL;3;1;0,0226
EGY_BEL;3;2;0,0183
EGY_BEL;3;3;0,0099
EGY_BEL;3;4;0,004
EGY_BEL;3;5;0,0013
EGY_BEL;4;0;0,0037
EGY_BEL;4;1;0,006
EGY_BEL;4;2;0,0049
EGY_BEL;4;3;0,0027
EGY_BEL;4;4;0,0011
EGY_BEL;5;1;0,0013
EGY_BEL;5;2;0,0011
FRA_NOR;0;0;0,0462
FRA_NOR;0;1;0,0455
FRA_NOR;0;2;0,0374
FRA_NOR;0;3;0,0174
FRA_NOR;0;4;0,0061
FRA_NOR;0;5;0,0017
FRA_NOR;1;0;0,0634
FRA_NOR;1;1;0,1079
FRA_NOR;1;2;0,0699
FRA_NOR;1;3;0,0326
FRA_NOR;1;4;0,0114
FRA_NOR;1;5;0,0032
FRA_NOR;2;0;0,0667
FRA_NOR;2;1;0,0934
FRA_NOR;2;2;0,0653
FRA_NOR;2;3;0,0305
FRA_NOR;2;4;0,0107
FRA_NOR;2;5;0,003
FRA_NOR;3;0;0,0416
FRA_NOR;3;1;0,0582
FRA_NOR;3;2;0,0407
FRA_NOR;3;3;0,019
FRA_NOR;3;4;0,0066
FRA_NOR;3;5;0,0019
FRA_NOR;4;0;0,0194
FRA_NOR;4;1;0,0272
FRA_NOR;4;2;0,019
FRA_NOR;4;3;0,0089
FRA_NOR;4;4;0,0031
FRA_NOR;5;0;0,0073
FRA_NOR;5;1;0,0102
FRA_NOR;5;2;0,0071
FRA_NOR;5;3;0,0033
FRA_NOR;5;4;0,0012
FRA_NOR;6;0;0,0023
FRA_NOR;6;1;0,0032
FRA_NOR;6;2;0,0022
FRA_NOR;6;3;0,001
GHA_CRO;0;0;0,0705
GHA_CRO;0;1;0,1268
GHA_CRO;0;2;0,1411
GHA_CRO;0;3;0,0992
GHA_CRO;0;4;0,0523
GHA_CRO;0;5;0,0221
GHA_CRO;0;6;0,0078
GHA_CRO;1;0;0,0345
GHA_CRO;1;1;0,0946
GHA_CRO;1;2;0,0924
GHA_CRO;1;3;0,0649
GHA_CRO;1;4;0,0342
GHA_CRO;1;5;0,0144
GHA_CRO;1;6;0,0051
GHA_CRO;2;0;0,0136
GHA_CRO;2;1;0,0287
GHA_CRO;2;2;0,0302
GHA_CRO;2;3;0,0213
GHA_CRO;2;4;0,0112
GHA_CRO;2;5;0,0047
GHA_CRO;2;6;0,0017
GHA_CRO;3;0;0,003
GHA_CRO;3;1;0,0063
GHA_CRO;3;2;0,0066
GHA_CRO;3;3;0,0046
GHA_CRO;3;4;0,0024
GHA_CRO;3;5;0,001
GHA_CRO;4;1;0,001
GHA_CRO;4;2;0,0011
GHA_ENG;0;0;0,0698
GHA_ENG;0;1;0,139
GHA_ENG;0;2;0,1636
GHA_ENG;0;3;0,1233
GHA_ENG;0;4;0,0696
GHA_ENG;0;5;0,0315
GHA_ENG;0;6;0,0119
GHA_ENG;1;0;0,0261
GHA_ENG;1;1;0,0776
GHA_ENG;1;2;0,0812
GHA_ENG;1;3;0,0612
GHA_ENG;1;4;0,0346
GHA_ENG;1;5;0,0156
GHA_ENG;1;6;0,0059
GHA_ENG;2;0;0,0079
GHA_ENG;2;1;0,0178
GHA_ENG;2;2;0,0202
GHA_ENG;2;3;0,0152
GHA_ENG;2;4;0,0086
GHA_ENG;2;5;0,0039
GHA_ENG;2;6;0,0015
GHA_ENG;3;0;0,0013
GHA_ENG;3;1;0,003
GHA_ENG;3;2;0,0033
GHA_ENG;3;3;0,0025
GHA_ENG;3;4;0,0014
HAI_BRA;0;0;0,078
HAI_BRA;0;1;0,1322
HAI_BRA;0;2;0,1386
HAI_BRA;0;3;0,0916
HAI_BRA;0;4;0,0454
HAI_BRA;0;5;0,018
HAI_BRA;0;6;0,006
HAI_BRA;1;0;0,0399
HAI_BRA;1;1;0,1017
HAI_BRA;1;2;0,0934
HAI_BRA;1;3;0,0617
HAI_BRA;1;4;0,0306
HAI_BRA;1;5;0,0121
HAI_BRA;1;6;0,004
HAI_BRA;2;0;0,016
HAI_BRA;2;1;0,0317
HAI_BRA;2;2;0,0315
HAI_BRA;2;3;0,0208
HAI_BRA;2;4;0,0103
HAI_BRA;2;5;0,0041
HAI_BRA;2;6;0,0014
HAI_BRA;3;0;0,0036
HAI_BRA;3;1;0,0071
HAI_BRA;3;2;0,0071
HAI_BRA;3;3;0,0047
HAI_BRA;3;4;0,0023
HAI_BRA;4;1;0,0012
HAI_BRA;4;2;0,0012
HAI_MAR;0;0;0,062
HAI_MAR;0;1;0,1044
HAI_MAR;0;2;0,1156
HAI_MAR;0;3;0,0796
HAI_MAR;0;4;0,041
HAI_MAR;0;5;0,0169
HAI_MAR;0;6;0,0058
HAI_MAR;1;0;0,0388
HAI_MAR;1;1;0,1035
HAI_MAR;1;2;0,0989
HAI_MAR;1;3;0,068
HAI_MAR;1;4;0,0351
HAI_MAR;1;5;0,0145
HAI_MAR;1;6;0,005
HAI_MAR;2;0;0,0198
HAI_MAR;2;1;0,0409
HAI_MAR;2;2;0,0422
HAI_MAR;2;3;0,0291
HAI_MAR;2;4;0,015
HAI_MAR;2;5;0,0062
HAI_MAR;2;6;0,0021
HAI_MAR;3;0;0,0057
HAI_MAR;3;1;0,0117
HAI_MAR;3;2;0,012
HAI_MAR;3;3;0,0083
HAI_MAR;3;4;0,0043
HAI_MAR;3;5;0,0018
HAI_MAR;4;0;0,0012
HAI_MAR;4;1;0,0025
HAI_MAR;4;2;0,0026
HAI_MAR;4;3;0,0018
HAI_SCO;0;0;0,0813
HAI_SCO;0;1;0,1058
HAI_SCO;0;2;0,0926
HAI_SCO;0;3;0,0496
HAI_SCO;0;4;0,0199
HAI_SCO;0;5;0,0064
HAI_SCO;0;6;0,0017
HAI_SCO;1;0;0,0644
HAI_SCO;1;1;0,1282
HAI_SCO;1;2;0,0953
HAI_SCO;1;3;0,051
HAI_SCO;1;4;0,0205
HAI_SCO;1;5;0,0066
HAI_SCO;1;6;0,0018
HAI_SCO;2;0;0,038
HAI_SCO;2;1;0,0611
HAI_SCO;2;2;0,049
HAI_SCO;2;3;0,0263
HAI_SCO;2;4;0,0105
HAI_SCO;2;5;0,0034
HAI_SCO;3;0;0,013
HAI_SCO;3;1;0,0209
HAI_SCO;3;2;0,0168
HAI_SCO;3;3;0,009
HAI_SCO;3;4;0,0036
HAI_SCO;3;5;0,0012
HAI_SCO;4;0;0,0034
HAI_SCO;4;1;0,0054
HAI_SCO;4;2;0,0043
HAI_SCO;4;3;0,0023
HAI_SCO;5;1;0,0011
IRN_BEL;0;0;0,0689
IRN_BEL;0;1;0,0873
IRN_BEL;0;2;0,0783
IRN_BEL;0;3;0,0423
IRN_BEL;0;4;0,0171
IRN_BEL;0;5;0,0056
IRN_BEL;0;6;0,0015
IRN_BEL;1;0;0,0623
IRN_BEL;1;1;0,1253
IRN_BEL;1;2;0,094
IRN_BEL;1;3;0,0508
IRN_BEL;1;4;0,0206
IRN_BEL;1;5;0,0067
IRN_BEL;1;6;0,0018
IRN_BEL;2;0;0,043
IRN_BEL;2;1;0,0697
IRN_BEL;2;2;0,0565
IRN_BEL;2;3;0,0305
IRN_BEL;2;4;0,0124
IRN_BEL;2;5;0,004
IRN_BEL;2;6;0,0011
IRN_BEL;3;0;0,0172
IRN_BEL;3;1;0,0279
IRN_BEL;3;2;0,0226
IRN_BEL;3;3;0,0122
IRN_BEL;3;4;0,005
IRN_BEL;3;5;0,0016
IRN_BEL;4;0;0,0052
IRN_BEL;4;1;0,0084
IRN_BEL;4;2;0,0068
IRN_BEL;4;3;0,0037
IRN_BEL;4;4;0,0015
IRN_BEL;5;0;0,0012
IRN_BEL;5;1;0,002
IRN_BEL;5;2;0,0016
IRN_EGY;0;0;0,0799
IRN_EGY;0;1;0,0778
IRN_EGY;0;2;0,0549
IRN_EGY;0;3;0,0229
IRN_EGY;0;4;0,0072
IRN_EGY;0;5;0,0018
IRN_EGY;1;0;0,0887
IRN_EGY;1;1;0,1333
IRN_EGY;1;2;0,0773
IRN_EGY;1;3;0,0322
IRN_EGY;1;4;0,0101
IRN_EGY;1;5;0,0025
IRN_EGY;2;0;0,0694
IRN_EGY;2;1;0,0869
IRN_EGY;2;2;0,0544
IRN_EGY;2;3;0,0227
IRN_EGY;2;4;0,0071
IRN_EGY;2;5;0,0018
IRN_EGY;3;0;0,0326
IRN_EGY;3;1;0,0408
IRN_EGY;3;2;0,0255
IRN_EGY;3;3;0,0107
IRN_EGY;3;4;0,0033
IRN_EGY;4;0;0,0115
IRN_EGY;4;1;0,0144
IRN_EGY;4;2;0,009
IRN_EGY;4;3;0,0038
IRN_EGY;4;4;0,0012
IRN_EGY;5;0;0,0032
IRN_EGY;5;1;0,004
IRN_EGY;5;2;0,0025
IRN_EGY;5;3;0,0011
IRQ_FRA;0;0;0,0718
IRQ_FRA;0;1;0,1379
IRQ_FRA;0;2;0,1582
IRQ_FRA;0;3;0,1158
IRQ_FRA;0;4;0,0636
IRQ_FRA;0;5;0,0279
IRQ_FRA;0;6;0,0102
IRQ_FRA;1;0;0,029
IRQ_FRA;1;1;0,0833
IRQ_FRA;1;2;0,0847
IRQ_FRA;1;3;0,062
IRQ_FRA;1;4;0,034
IRQ_FRA;1;5;0,015
IRQ_FRA;1;6;0,0055
IRQ_FRA;2;0;0,0094
IRQ_FRA;2;1;0,0207
IRQ_FRA;2;2;0,0227
IRQ_FRA;2;3;0,0166
IRQ_FRA;2;4;0,0091
IRQ_FRA;2;5;0,004
IRQ_FRA;2;6;0,0015
IRQ_FRA;3;0;0,0017
IRQ_FRA;3;1;0,0037
IRQ_FRA;3;2;0,0041
IRQ_FRA;3;3;0,003
IRQ_FRA;3;4;0,0016
IRQ_NOR;0;0;0,0724
IRQ_NOR;0;1;0,1249
IRQ_NOR;0;2;0,1348
IRQ_NOR;0;3;0,0915
IRQ_NOR;0;4;0,0466
IRQ_NOR;0;5;0,019
IRQ_NOR;0;6;0,0064
IRQ_NOR;1;0;0,0382
IRQ_NOR;1;1;0,1003
IRQ_NOR;1;2;0,0946
IRQ_NOR;1;3;0,0642
IRQ_NOR;1;4;0,0327
IRQ_NOR;1;5;0,0133
IRQ_NOR;1;6;0,0045
IRQ_NOR;2;0;0,016
IRQ_NOR;2;1;0,0326
IRQ_NOR;2;2;0,0332
IRQ_NOR;2;3;0,0225
IRQ_NOR;2;4;0,0115
IRQ_NOR;2;5;0,0047
IRQ_NOR;2;6;0,0016
IRQ_NOR;3;0;0,0037
IRQ_NOR;3;1;0,0076
IRQ_NOR;3;2;0,0078
IRQ_NOR;3;3;0,0053
IRQ_NOR;3;4;0,0027
IRQ_NOR;3;5;0,0011
IRQ_NOR;4;1;0,0013
IRQ_NOR;4;2;0,0014
IRQ_SEN;0;0;0,0761
IRQ_SEN;0;1;0,1116
IRQ_SEN;0;2;0,1077
IRQ_SEN;0;3;0,0642
IRQ_SEN;0;4;0,0287
IRQ_SEN;0;5;0,0103
IRQ_SEN;0;6;0,0031
IRQ_SEN;1;0;0,0526
IRQ_SEN;1;1;0,1186
IRQ_SEN;1;2;0,0982
IRQ_SEN;1;3;0,0586
IRQ_SEN;1;4;0,0262
IRQ_SEN;1;5;0,0094
IRQ_SEN;1;6;0,0028
IRQ_SEN;2;0;0,028
IRQ_SEN;2;1;0,0501
IRQ_SEN;2;2;0,0448
IRQ_SEN;2;3;0,0267
IRQ_SEN;2;4;0,012
IRQ_SEN;2;5;0,0043
IRQ_SEN;2;6;0,0013
IRQ_SEN;3;0;0,0085
IRQ_SEN;3;1;0,0152
IRQ_SEN;3;2;0,0136
IRQ_SEN;3;3;0,0081
IRQ_SEN;3;4;0,0036
IRQ_SEN;3;5;0,0013
IRQ_SEN;4;0;0,0019
IRQ_SEN;4;1;0,0035
IRQ_SEN;4;2;0,0031
IRQ_SEN;4;3;0,0019
JOR_ALG;0;0;0,0748
JOR_ALG;0;1;0,0932
JOR_ALG;0;2;0,0808
JOR_ALG;0;3;0,0423
JOR_ALG;0;4;0,0166
JOR_ALG;0;5;0,0052
JOR_ALG;0;6;0,0014
JOR_ALG;1;0;0,0661
JOR_ALG;1;1;0,1284
JOR_ALG;1;2;0,0935
JOR_ALG;1;3;0,049
JOR_ALG;1;4;0,0193
JOR_ALG;1;5;0,0061
JOR_ALG;1;6;0,0016
JOR_ALG;2;0;0,0437
JOR_ALG;2;1;0,0688
JOR_ALG;2;2;0,0541
JOR_ALG;2;3;0,0284
JOR_ALG;2;4;0,0112
JOR_ALG;2;5;0,0035
JOR_ALG;3;0;0,0169
JOR_ALG;3;1;0,0265
JOR_ALG;3;2;0,0209
JOR_ALG;3;3;0,0109
JOR_ALG;3;4;0,0043
JOR_ALG;3;5;0,0014
JOR_ALG;4;0;0,0049
JOR_ALG;4;1;0,0077
JOR_ALG;4;2;0,006
JOR_ALG;4;3;0,0032
JOR_ALG;4;4;0,0012
JOR_ALG;5;0;0,0011
JOR_ALG;5;1;0,0018
JOR_ALG;5;2;0,0014
JOR_AUT;0;0;0,0729
JOR_AUT;0;1;0,1015
JOR_AUT;0;2;0,0957
JOR_AUT;0;3;0,0552
JOR_AUT;0;4;0,0239
JOR_AUT;0;5;0,0083
JOR_AUT;0;6;0,0024
JOR_AUT;1;0;0,0563
JOR_AUT;1;1;0,1221
JOR_AUT;1;2;0,0978
JOR_AUT;1;3;0,0564
JOR_AUT;1;4;0,0244
JOR_AUT;1;5;0,0085
JOR_AUT;1;6;0,0024
JOR_AUT;2;0;0,0334
JOR_AUT;2;1;0,0577
JOR_AUT;2;2;0,05
JOR_AUT;2;3;0,0288
JOR_AUT;2;4;0,0125
JOR_AUT;2;5;0,0043
JOR_AUT;2;6;0,0012
JOR_AUT;3;0;0,0114
JOR_AUT;3;1;0,0197
JOR_AUT;3;2;0,017
JOR_AUT;3;3;0,0098
JOR_AUT;3;4;0,0042
JOR_AUT;3;5;0,0015
JOR_AUT;4;0;0,0029
JOR_AUT;4;1;0,005
JOR_AUT;4;2;0,0043
JOR_AUT;4;3;0,0025
JOR_AUT;4;4;0,0011
JOR_AUT;5;1;0,001
JPN_NED;0;0;0,0711
JPN_NED;0;1;0,0821
JPN_NED;0;2;0,0682
JPN_NED;0;3;0,0338
JPN_NED;0;4;0,0126
JPN_NED;0;5;0,0037
JPN_NED;1;0;0,0706
JPN_NED;1;1;0,1287
JPN_NED;1;2;0,0887
JPN_NED;1;3;0,044
JPN_NED;1;4;0,0164
JPN_NED;1;5;0,0049
JPN_NED;1;6;0,0012
JPN_NED;2;0;0,0521
JPN_NED;2;1;0,0775
JPN_NED;2;2;0,0577
JPN_NED;2;3;0,0286
JPN_NED;2;4;0,0106
JPN_NED;2;5;0,0032
JPN_NED;3;0;0,0226
JPN_NED;3;1;0,0336
JPN_NED;3;2;0,025
JPN_NED;3;3;0,0124
JPN_NED;3;4;0,0046
JPN_NED;3;5;0,0014
JPN_NED;4;0;0,0073
JPN_NED;4;1;0,0109
JPN_NED;4;2;0,0081
JPN_NED;4;3;0,004
JPN_NED;4;4;0,0015
JPN_NED;5;0;0,0019
JPN_NED;5;1;0,0028
JPN_NED;5;2;0,0021
JPN_NED;5;3;0,001
JPN_SWE;0;0;0,0776
JPN_SWE;0;1;0,0684
JPN_SWE;0;2;0,0448
JPN_SWE;0;3;0,0172
JPN_SWE;0;4;0,0049
JPN_SWE;0;5;0,0011
JPN_SWE;1;0;0,0951
JPN_SWE;1;1;0,13
JPN_SWE;1;2;0,0691
JPN_SWE;1;3;0,0265
JPN_SWE;1;4;0,0076
JPN_SWE;1;5;0,0017
JPN_SWE;2;0;0,0808
JPN_SWE;2;1;0,0927
JPN_SWE;2;2;0,0533
JPN_SWE;2;3;0,0204
JPN_SWE;2;4;0,0059
JPN_SWE;2;5;0,0013
JPN_SWE;3;0;0,0415
JPN_SWE;3;1;0,0477
JPN_SWE;3;2;0,0274
JPN_SWE;3;3;0,0105
JPN_SWE;3;4;0,003
JPN_SWE;4;0;0,016
JPN_SWE;4;1;0,0184
JPN_SWE;4;2;0,0105
JPN_SWE;4;3;0,004
JPN_SWE;4;4;0,0012
JPN_SWE;5;0;0,0049
JPN_SWE;5;1;0,0057
JPN_SWE;5;2;0,0033
JPN_SWE;5;3;0,0012
JPN_SWE;6;0;0,0013
JPN_SWE;6;1;0,0015
JPN_TUN;0;0;0,0899
JPN_TUN;0;1;0,0484
JPN_TUN;0;2;0,0196
JPN_TUN;0;3;0,0045
JPN_TUN;1;0;0,14
JPN_TUN;1;1;0,111
JPN_TUN;1;2;0,0356
JPN_TUN;1;3;0,0082
JPN_TUN;1;4;0,0014
JPN_TUN;2;0;0,1344
JPN_TUN;2;1;0,0932
JPN_TUN;2;2;0,0323
JPN_TUN;2;3;0,0075
JPN_TUN;2;4;0,0013
JPN_TUN;3;0;0,0813
JPN_TUN;3;1;0,0564
JPN_TUN;3;2;0,0195
JPN_TUN;3;3;0,0045
JPN_TUN;4;0;0,0369
JPN_TUN;4;1;0,0256
JPN_TUN;4;2;0,0089
JPN_TUN;4;3;0,002
JPN_TUN;5;0;0,0134
JPN_TUN;5;1;0,0093
JPN_TUN;5;2;0,0032
JPN_TUN;6;0;0,004
JPN_TUN;6;1;0,0028
KOR_CZE;0;0;0,0608
KOR_CZE;0;1;0,0704
KOR_CZE;0;2;0,061
KOR_CZE;0;3;0,0312
KOR_CZE;0;4;0,012
KOR_CZE;0;5;0,0037
KOR_CZE;1;0;0,0648
KOR_CZE;1;1;0,1225
KOR_CZE;1;2;0,0871
KOR_CZE;1;3;0,0446
KOR_CZE;1;4;0,0171
KOR_CZE;1;5;0,0053
KOR_CZE;1;6;0,0013
KOR_CZE;2;0;0,0527
KOR_CZE;2;1;0,081
KOR_CZE;2;2;0,0622
KOR_CZE;2;3;0,0318
KOR_CZE;2;4;0,0122
KOR_CZE;2;5;0,0038
KOR_CZE;3;0;0,0251
KOR_CZE;3;1;0,0385
KOR_CZE;3;2;0,0296
KOR_CZE;3;3;0,0151
KOR_CZE;3;4;0,0058
KOR_CZE;3;5;0,0018
KOR_CZE;4;0;0,009
KOR_CZE;4;1;0,0137
KOR_CZE;4;2;0,0106
KOR_CZE;4;3;0,0054
KOR_CZE;4;4;0,0021
KOR_CZE;5;0;0,0026
KOR_CZE;5;1;0,0039
KOR_CZE;5;2;0,003
KOR_CZE;5;3;0,0015
KSA_CPV;0;0;0,0879
KSA_CPV;0;1;0,1
KSA_CPV;0;2;0,0777
KSA_CPV;0;3;0,0366
KSA_CPV;0;4;0,0129
KSA_CPV;0;5;0,0036
KSA_CPV;1;0;0,0788
KSA_CPV;1;1;0,1356
KSA_CPV;1;2;0,0886
KSA_CPV;1;3;0,0417
KSA_CPV;1;4;0,0147
KSA_CPV;1;5;0,0042
KSA_CPV;2;0;0,0507
KSA_CPV;2;1;0,0716
KSA_CPV;2;2;0,0506
KSA_CPV;2;3;0,0238
KSA_CPV;2;4;0,0084
KSA_CPV;2;5;0,0024
KSA_CPV;3;0;0,0193
KSA_CPV;3;1;0,0272
KSA_CPV;3;2;0,0192
KSA_CPV;3;3;0,0091
KSA_CPV;3;4;0,0032
KSA_CPV;4;0;0,0055
KSA_CPV;4;1;0,0078
KSA_CPV;4;2;0,0055
KSA_CPV;4;3;0,0026
KSA_CPV;5;0;0,0013
KSA_CPV;5;1;0,0018
KSA_CPV;5;2;0,0013
KSA_ESP;0;0;0,0681
KSA_ESP;0;1;0,1451
KSA_ESP;0;2;0,1776
KSA_ESP;0;3;0,1402
KSA_ESP;0;4;0,083
KSA_ESP;0;5;0,0393
KSA_ESP;0;6;0,0155
KSA_ESP;1;0;0,0206
KSA_ESP;1;1;0,0651
KSA_ESP;1;2;0,0714
KSA_ESP;1;3;0,0564
KSA_ESP;1;4;0,0334
KSA_ESP;1;5;0,0158
KSA_ESP;1;6;0,0062
KSA_ESP;2;0;0,0051
KSA_ESP;2;1;0,0121
KSA_ESP;2;2;0,0144
KSA_ESP;2;3;0,0113
KSA_ESP;2;4;0,0067
KSA_ESP;2;5;0,0032
KSA_ESP;2;6;0,0013
KSA_ESP;3;1;0,0016
KSA_ESP;3;2;0,0019
KSA_ESP;3;3;0,0015
KSA_URU;0;0;0,0978
KSA_URU;0;1;0,1468
KSA_URU;0;2;0,1349
KSA_URU;0;3;0,0781
KSA_URU;0;4;0,0339
KSA_URU;0;5;0,0118
KSA_URU;0;6;0,0034
KSA_URU;1;0;0,0523
KSA_URU;1;1;0,114
KSA_URU;1;2;0,0917
KSA_URU;1;3;0,0531
KSA_URU;1;4;0,0231
KSA_URU;1;5;0,008
KSA_URU;1;6;0,0023
KSA_URU;2;0;0,0206
KSA_URU;2;1;0,0359
KSA_URU;2;2;0,0312
KSA_URU;2;3;0,018
KSA_URU;2;4;0,0078
KSA_URU;2;5;0,0027
KSA_URU;3;0;0,0047
KSA_URU;3;1;0,0081
KSA_URU;3;2;0,0071
KSA_URU;3;3;0,0041
KSA_URU;3;4;0,0018
KSA_URU;4;1;0,0014
KSA_URU;4;2;0,0012
MAR_BRA;0;0;0,0739
MAR_BRA;0;1;0,088
MAR_BRA;0;2;0,0741
MAR_BRA;0;3;0,0375
MAR_BRA;0;4;0,0142
MAR_BRA;0;5;0,0043
MAR_BRA;0;6;0,0011
MAR_BRA;1;0;0,0693
MAR_BRA;1;1;0,1294
MAR_BRA;1;2;0,0909
MAR_BRA;1;3;0,046
MAR_BRA;1;4;0,0175
MAR_BRA;1;5;0,0053
MAR_BRA;1;6;0,0013
MAR_BRA;2;0;0,0484
MAR_BRA;2;1;0,0735
MAR_BRA;2;2;0,0558
MAR_BRA;2;3;0,0282
MAR_BRA;2;4;0,0107
MAR_BRA;2;5;0,0033
MAR_BRA;3;0;0,0198
MAR_BRA;3;1;0,0301
MAR_BRA;3;2;0,0228
MAR_BRA;3;3;0,0116
MAR_BRA;3;4;0,0044
MAR_BRA;3;5;0,0013
MAR_BRA;4;0;0,0061
MAR_BRA;4;1;0,0092
MAR_BRA;4;2;0,007
MAR_BRA;4;3;0,0035
MAR_BRA;4;4;0,0013
MAR_BRA;5;0;0,0015
MAR_BRA;5;1;0,0023
MAR_BRA;5;2;0,0017
MAR_SCO;0;0;0,0772
MAR_SCO;0;1;0,0683
MAR_SCO;0;2;0,0449
MAR_SCO;0;3;0,0173
MAR_SCO;0;4;0,005
MAR_SCO;0;5;0,0011
MAR_SCO;1;0;0,0946
MAR_SCO;1;1;0,1298
MAR_SCO;1;2;0,0693
MAR_SCO;1;3;0,0266
MAR_SCO;1;4;0,0077
MAR_SCO;1;5;0,0018
MAR_SCO;2;0;0,0804
MAR_SCO;2;1;0,0927
MAR_SCO;2;2;0,0535
MAR_SCO;2;3;0,0206
MAR_SCO;2;4;0,0059
MAR_SCO;2;5;0,0014
MAR_SCO;3;0;0,0413
MAR_SCO;3;1;0,0477
MAR_SCO;3;2;0,0275
MAR_SCO;3;3;0,0106
MAR_SCO;3;4;0,003
MAR_SCO;4;0;0,0159
MAR_SCO;4;1;0,0184
MAR_SCO;4;2;0,0106
MAR_SCO;4;3;0,0041
MAR_SCO;4;4;0,0012
MAR_SCO;5;0;0,0049
MAR_SCO;5;1;0,0057
MAR_SCO;5;2;0,0033
MAR_SCO;5;3;0,0013
MAR_SCO;6;0;0,0013
MAR_SCO;6;1;0,0015
MEX_CZE;0;0;0,0689
MEX_CZE;0;1;0,0676
MEX_CZE;0;2;0,0499
MEX_CZE;0;3;0,0216
MEX_CZE;0;4;0,007
MEX_CZE;0;5;0,0018
MEX_CZE;1;0;0,0815
MEX_CZE;1;1;0,1272
MEX_CZE;1;2;0,0763
MEX_CZE;1;3;0,0329
MEX_CZE;1;4;0,0107
MEX_CZE;1;5;0,0028
MEX_CZE;2;0;0,0694
MEX_CZE;2;1;0,09
MEX_CZE;2;2;0,0583
MEX_CZE;2;3;0,0252
MEX_CZE;2;4;0,0082
MEX_CZE;2;5;0,0021
MEX_CZE;3;0;0,0354
MEX_CZE;3;1;0,0458
MEX_CZE;3;2;0,0297
MEX_CZE;3;3;0,0128
MEX_CZE;3;4;0,0042
MEX_CZE;3;5;0,0011
MEX_CZE;4;0;0,0135
MEX_CZE;4;1;0,0175
MEX_CZE;4;2;0,0113
MEX_CZE;4;3;0,0049
MEX_CZE;4;4;0,0016
MEX_CZE;5;0;0,0041
MEX_CZE;5;1;0,0053
MEX_CZE;5;2;0,0035
MEX_CZE;5;3;0,0015
MEX_CZE;6;0;0,0011
MEX_CZE;6;1;0,0014
MEX_KOR;0;0;0,0841
MEX_KOR;0;1;0,0767
MEX_KOR;0;2;0,0507
MEX_KOR;0;3;0,0197
MEX_KOR;0;4;0,0058
MEX_KOR;0;5;0,0013
MEX_KOR;1;0;0,0963
MEX_KOR;1;1;0,1342
MEX_KOR;1;2;0,0726
MEX_KOR;1;3;0,0283
MEX_KOR;1;4;0,0083
MEX_KOR;1;5;0,0019
MEX_KOR;2;0;0,0762
MEX_KOR;2;1;0,0891
MEX_KOR;2;2;0,0521
MEX_KOR;2;3;0,0203
MEX_KOR;2;4;0,0059
MEX_KOR;2;5;0,0014
MEX_KOR;3;0;0,0364
MEX_KOR;3;1;0,0426
MEX_KOR;3;2;0,0249
MEX_KOR;3;3;0,0097
MEX_KOR;3;4;0,0028
MEX_KOR;4;0;0,0131
MEX_KOR;4;1;0,0153
MEX_KOR;4;2;0,0089
MEX_KOR;4;3;0,0035
MEX_KOR;4;4;0,001
MEX_KOR;5;0;0,0037
MEX_KOR;5;1;0,0044
MEX_KOR;5;2;0,0026
MEX_KOR;6;1;0,001
MEX_RSA;0;0;0,0828
MEX_RSA;0;1;0,0496
MEX_RSA;0;2;0,0226
MEX_RSA;0;3;0,0059
MEX_RSA;0;4;0,0011
MEX_RSA;1;0;0,1269
MEX_RSA;1;1;0,1141
MEX_RSA;1;2;0,0412
MEX_RSA;1;3;0,0107
MEX_RSA;1;4;0,0021
MEX_RSA;2;0;0,1233
MEX_RSA;2;1;0,0962
MEX_RSA;2;2;0,0376
MEX_RSA;2;3;0,0098
MEX_RSA;2;4;0,0019
MEX_RSA;3;0;0,0749
MEX_RSA;3;1;0,0584
MEX_RSA;3;2;0,0228
MEX_RSA;3;3;0,0059
MEX_RSA;3;4;0,0012
MEX_RSA;4;0;0,0341
MEX_RSA;4;1;0,0266
MEX_RSA;4;2;0,0104
MEX_RSA;4;3;0,0027
MEX_RSA;5;0;0,0124
MEX_RSA;5;1;0,0097
MEX_RSA;5;2;0,0038
MEX_RSA;6;0;0,0038
MEX_RSA;6;1;0,0029
MEX_RSA;6;2;0,0011
NED_SWE;0;0;0,0628
NED_SWE;0;1;0,0519
NED_SWE;0;2;0,034
NED_SWE;0;3;0,0127
NED_SWE;0;4;0,0036
NED_SWE;1;0;0,0885
NED_SWE;1;1;0,1178
NED_SWE;1;2;0,0611
NED_SWE;1;3;0,0228
NED_SWE;1;4;0,0064
NED_SWE;1;5;0,0014
NED_SWE;2;0;0,0875
NED_SWE;2;1;0,0981
NED_SWE;2;2;0,055
NED_SWE;2;3;0,0206
NED_SWE;2;4;0,0058
NED_SWE;2;5;0,0013
NED_SWE;3;0;0,0525
NED_SWE;3;1;0,0588
NED_SWE;3;2;0,033
NED_SWE;3;3;0,0123
NED_SWE;3;4;0,0035
NED_SWE;4;0;0,0236
NED_SWE;4;1;0,0265
NED_SWE;4;2;0,0148
NED_SWE;4;3;0,0055
NED_SWE;4;4;0,0016
NED_SWE;5;0;0,0085
NED_SWE;5;1;0,0095
NED_SWE;5;2;0,0053
NED_SWE;5;3;0,002
NED_SWE;6;0;0,0025
NED_SWE;6;1;0,0029
NED_SWE;6;2;0,0016
NZL_BEL;0;0;0,0694
NZL_BEL;0;1;0,1101
NZL_BEL;0;2;0,1142
NZL_BEL;0;3;0,0735
NZL_BEL;0;4;0,0355
NZL_BEL;0;5;0,0137
NZL_BEL;0;6;0,0044
NZL_BEL;1;0;0,0448
NZL_BEL;1;1;0,1106
NZL_BEL;1;2;0,0988
NZL_BEL;1;3;0,0636
NZL_BEL;1;4;0,0307
NZL_BEL;1;5;0,0119
NZL_BEL;1;6;0,0038
NZL_BEL;2;0;0,0229
NZL_BEL;2;1;0,0443
NZL_BEL;2;2;0,0428
NZL_BEL;2;3;0,0275
NZL_BEL;2;4;0,0133
NZL_BEL;2;5;0,0051
NZL_BEL;2;6;0,0017
NZL_BEL;3;0;0,0066
NZL_BEL;3;1;0,0128
NZL_BEL;3;2;0,0123
NZL_BEL;3;3;0,0079
NZL_BEL;3;4;0,0038
NZL_BEL;3;5;0,0015
NZL_BEL;4;0;0,0014
NZL_BEL;4;1;0,0028
NZL_BEL;4;2;0,0027
NZL_BEL;4;3;0,0017
NZL_EGY;0;0;0,0856
NZL_EGY;0;1;0,1018
NZL_EGY;0;2;0,0824
NZL_EGY;0;3;0,0405
NZL_EGY;0;4;0,015
NZL_EGY;0;5;0,0044
NZL_EGY;0;6;0,0011
NZL_EGY;1;0;0,0739
NZL_EGY;1;1;0,1335
NZL_EGY;1;2;0,0912
NZL_EGY;1;3;0,0448
NZL_EGY;1;4;0,0165
NZL_EGY;1;5;0,0049
NZL_EGY;1;6;0,0012
NZL_EGY;2;0;0,0463
NZL_EGY;2;1;0,0684
NZL_EGY;2;2;0,0504
NZL_EGY;2;3;0,0248
NZL_EGY;2;4;0,0091
NZL_EGY;2;5;0,0027
NZL_EGY;3;0;0,0171
NZL_EGY;3;1;0,0252
NZL_EGY;3;2;0,0186
NZL_EGY;3;3;0,0091
NZL_EGY;3;4;0,0034
NZL_EGY;4;0;0,0047
NZL_EGY;4;1;0,007
NZL_EGY;4;2;0,0051
NZL_EGY;4;3;0,0025
NZL_EGY;5;0;0,001
NZL_EGY;5;1;0,0015
NZL_EGY;5;2;0,0011
NZL_IRN;0;0;0,0777
NZL_IRN;0;1;0,1013
NZL_IRN;0;2;0,0898
NZL_IRN;0;3;0,0486
NZL_IRN;0;4;0,0197
NZL_IRN;0;5;0,0064
NZL_IRN;0;6;0,0017
NZL_IRN;1;0;0,0632
NZL_IRN;1;1;0,1272
NZL_IRN;1;2;0,0955
NZL_IRN;1;3;0,0517
NZL_IRN;1;4;0,021
NZL_IRN;1;5;0,0068
NZL_IRN;1;6;0,0018
NZL_IRN;2;0;0,0386
NZL_IRN;2;1;0,0627
NZL_IRN;2;2;0,0508
NZL_IRN;2;3;0,0275
NZL_IRN;2;4;0,0112
NZL_IRN;2;5;0,0036
NZL_IRN;3;0;0,0137
NZL_IRN;3;1;0,0222
NZL_IRN;3;2;0,018
NZL_IRN;3;3;0,0097
NZL_IRN;3;4;0,004
NZL_IRN;3;5;0,0013
NZL_IRN;4;0;0,0036
NZL_IRN;4;1;0,0059
NZL_IRN;4;2;0,0048
NZL_IRN;4;3;0,0026
NZL_IRN;4;4;0,0011
NZL_IRN;5;1;0,0013
NZL_IRN;5;2;0,001
PAN_CRO;0;0;0,0785
PAN_CRO;0;1;0,1124
PAN_CRO;0;2;0,1059
PAN_CRO;0;3;0,0616
PAN_CRO;0;4;0,0269
PAN_CRO;0;5;0,0094
PAN_CRO;0;6;0,0027
PAN_CRO;1;0;0,0552
PAN_CRO;1;1;0,121
PAN_CRO;1;2;0,0977
PAN_CRO;1;3;0,0568
PAN_CRO;1;4;0,0248
PAN_CRO;1;5;0,0087
PAN_CRO;1;6;0,0025
PAN_CRO;2;0;0,0296
PAN_CRO;2;1;0,0517
PAN_CRO;2;2;0,0451
PAN_CRO;2;3;0,0262
PAN_CRO;2;4;0,0114
PAN_CRO;2;5;0,004
PAN_CRO;2;6;0,0012
PAN_CRO;3;0;0,0091
PAN_CRO;3;1;0,0159
PAN_CRO;3;2;0,0139
PAN_CRO;3;3;0,0081
PAN_CRO;3;4;0,0035
PAN_CRO;3;5;0,0012
PAN_CRO;4;0;0,0021
PAN_CRO;4;1;0,0037
PAN_CRO;4;2;0,0032
PAN_CRO;4;3;0,0019
PAN_ENG;0;0;0,074
PAN_ENG;0;1;0,1173
PAN_ENG;0;2;0,1196
PAN_ENG;0;3;0,076
PAN_ENG;0;4;0,0362
PAN_ENG;0;5;0,0138
PAN_ENG;0;6;0,0044
PAN_ENG;1;0;0,0456
PAN_ENG;1;1;0,1108
PAN_ENG;1;2;0,0978
PAN_ENG;1;3;0,0622
PAN_ENG;1;4;0,0296
PAN_ENG;1;5;0,0113
PAN_ENG;1;6;0,0036
PAN_ENG;2;0;0,022
PAN_ENG;2;1;0,042
PAN_ENG;2;2;0,04
PAN_ENG;2;3;0,0254
PAN_ENG;2;4;0,0121
PAN_ENG;2;5;0,0046
PAN_ENG;2;6;0,0015
PAN_ENG;3;0;0,006
PAN_ENG;3;1;0,0114
PAN_ENG;3;2;0,0109
PAN_ENG;3;3;0,0069
PAN_ENG;3;4;0,0033
PAN_ENG;3;5;0,0013
PAN_ENG;4;0;0,0012
PAN_ENG;4;1;0,0023
PAN_ENG;4;2;0,0022
PAN_ENG;4;3;0,0014
PAN_GHA;0;0;0,0847
PAN_GHA;0;1;0,0551
PAN_GHA;0;2;0,027
PAN_GHA;0;3;0,0076
PAN_GHA;0;4;0,0016
PAN_GHA;1;0;0,1228
PAN_GHA;1;1;0,1201
PAN_GHA;1;2;0,047
PAN_GHA;1;3;0,0132
PAN_GHA;1;4;0,0028
PAN_GHA;2;0;0,1144
PAN_GHA;2;1;0,0966
PAN_GHA;2;2;0,0408
PAN_GHA;2;3;0,0115
PAN_GHA;2;4;0,0024
PAN_GHA;3;0;0,0662
PAN_GHA;3;1;0,0559
PAN_GHA;3;2;0,0236
PAN_GHA;3;3;0,0067
PAN_GHA;3;4;0,0014
PAN_GHA;4;0;0,0288
PAN_GHA;4;1;0,0243
PAN_GHA;4;2;0,0103
PAN_GHA;4;3;0,0029
PAN_GHA;5;0;0,01
PAN_GHA;5;1;0,0084
PAN_GHA;5;2;0,0036
PAN_GHA;5;3;0,001
PAN_GHA;6;0;0,0029
PAN_GHA;6;1;0,0024
PAN_GHA;6;2;0,001
PAR_AUS;0;0;0,0816
PAR_AUS;0;1;0,0964
PAR_AUS;0;2;0,0786
PAR_AUS;0;3;0,0388
PAR_AUS;0;4;0,0143
PAR_AUS;0;5;0,0042
PAR_AUS;0;6;0,001
PAR_AUS;1;0;0,0731
PAR_AUS;1;1;0,1325
PAR_AUS;1;2;0,0908
PAR_AUS;1;3;0,0448
PAR_AUS;1;4;0,0166
PAR_AUS;1;5;0,0049
PAR_AUS;1;6;0,0012
PAR_AUS;2;0;0,0479
PAR_AUS;2;1;0,0709
PAR_AUS;2;2;0,0525
PAR_AUS;2;3;0,0259
PAR_AUS;2;4;0,0096
PAR_AUS;2;5;0,0028
PAR_AUS;3;0;0,0185
PAR_AUS;3;1;0,0273
PAR_AUS;3;2;0,0202
PAR_AUS;3;3;0,01
PAR_AUS;3;4;0,0037
PAR_AUS;3;5;0,0011
PAR_AUS;4;0;0,0053
PAR_AUS;4;1;0,0079
PAR_AUS;4;2;0,0058
PAR_AUS;4;3;0,0029
PAR_AUS;4;4;0,0011
PAR_AUS;5;0;0,0012
PAR_AUS;5;1;0,0018
PAR_AUS;5;2;0,0014
PAR_TUR;0;0;0,096
PAR_TUR;0;1;0,1071
PAR_TUR;0;2;0,0802
PAR_TUR;0;3;0,0365
PAR_TUR;0;4;0,0125
PAR_TUR;0;5;0,0034
PAR_TUR;1;0;0,0832
PAR_TUR;1;1;0,138
PAR_TUR;1;2;0,0873
PAR_TUR;1;3;0,0398
PAR_TUR;1;4;0,0136
PAR_TUR;1;5;0,0037
PAR_TUR;2;0;0,0509
PAR_TUR;2;1;0,0696
PAR_TUR;2;2;0,0476
PAR_TUR;2;3;0,0217
PAR_TUR;2;4;0,0074
PAR_TUR;2;5;0,002
PAR_TUR;3;0;0,0185
PAR_TUR;3;1;0,0253
PAR_TUR;3;2;0,0173
PAR_TUR;3;3;0,0079
PAR_TUR;3;4;0,0027
PAR_TUR;4;0;0,005
PAR_TUR;4;1;0,0069
PAR_TUR;4;2;0,0047
PAR_TUR;4;3;0,0021
PAR_TUR;5;0;0,0011
PAR_TUR;5;1;0,0015
PAR_TUR;5;2;0,001
PAR_USA;0;0;0,0747
PAR_USA;0;1;0,0964
PAR_USA;0;2;0,0858
PAR_USA;0;3;0,0463
PAR_USA;0;4;0,0188
PAR_USA;0;5;0,0061
PAR_USA;0;6;0,0016
PAR_USA;1;0;0,0631
PAR_USA;1;1;0,1268
PAR_USA;1;2;0,0952
PAR_USA;1;3;0,0514
PAR_USA;1;4;0,0208
PAR_USA;1;5;0,0068
PAR_USA;1;6;0,0018
PAR_USA;2;0;0,0402
PAR_USA;2;1;0,0652
PAR_USA;2;2;0,0528
PAR_USA;2;3;0,0285
PAR_USA;2;4;0,0116
PAR_USA;2;5;0,0037
PAR_USA;2;6;0,001
PAR_USA;3;0;0,0149
PAR_USA;3;1;0,0241
PAR_USA;3;2;0,0195
PAR_USA;3;3;0,0106
PAR_USA;3;4;0,0043
PAR_USA;3;5;0,0014
PAR_USA;4;0;0,0041
PAR_USA;4;1;0,0067
PAR_USA;4;2;0,0054
PAR_USA;4;3;0,0029
PAR_USA;4;4;0,0012
PAR_USA;5;1;0,0015
PAR_USA;5;2;0,0012
QAT_BIH;0;0;0,0816
QAT_BIH;0;1;0,1039
QAT_BIH;0;2;0,0894
QAT_BIH;0;3;0,047
QAT_BIH;0;4;0,0185
QAT_BIH;0;5;0,0058
QAT_BIH;0;6;0,0015
QAT_BIH;1;0;0,0665
QAT_BIH;1;1;0,1295
QAT_BIH;1;2;0,0945
QAT_BIH;1;3;0,0496
QAT_BIH;1;4;0,0195
QAT_BIH;1;5;0,0062
QAT_BIH;1;6;0,0016
QAT_BIH;2;0;0,0402
QAT_BIH;2;1;0,0633
QAT_BIH;2;2;0,0499
QAT_BIH;2;3;0,0262
QAT_BIH;2;4;0,0103
QAT_BIH;2;5;0,0033
QAT_BIH;3;0;0,0141
QAT_BIH;3;1;0,0223
QAT_BIH;3;2;0,0176
QAT_BIH;3;3;0,0092
QAT_BIH;3;4;0,0036
QAT_BIH;3;5;0,0011
QAT_BIH;4;0;0,0037
QAT_BIH;4;1;0,0059
QAT_BIH;4;2;0,0046
QAT_BIH;4;3;0,0024
QAT_BIH;5;1;0,0012
QAT_CAN;0;0;0,0751
QAT_CAN;0;1;0,1216
QAT_CAN;0;2;0,1253
QAT_CAN;0;3;0,0808
QAT_CAN;0;4;0,0391
QAT_CAN;0;5;0,0151
QAT_CAN;0;6;0,0049
QAT_CAN;1;0;0,0438
QAT_CAN;1;1;0,1082
QAT_CAN;1;2;0,0968
QAT_CAN;1;3;0,0624
QAT_CAN;1;4;0,0302
QAT_CAN;1;5;0,0117
QAT_CAN;1;6;0,0038
QAT_CAN;2;0;0,02
QAT_CAN;2;1;0,0387
QAT_CAN;2;2;0,0374
QAT_CAN;2;3;0,0241
QAT_CAN;2;4;0,0117
QAT_CAN;2;5;0,0045
QAT_CAN;2;6;0,0015
QAT_CAN;3;0;0,0052
QAT_CAN;3;1;0,01
QAT_CAN;3;2;0,0096
QAT_CAN;3;3;0,0062
QAT_CAN;3;4;0,003
QAT_CAN;3;5;0,0012
QAT_CAN;4;1;0,0019
QAT_CAN;4;2;0,0019
QAT_CAN;4;3;0,0012
QAT_SUI;0;0;0,0719
QAT_SUI;0;1;0,1272
QAT_SUI;0;2;0,1396
QAT_SUI;0;3;0,0967
QAT_SUI;0;4;0,0502
QAT_SUI;0;5;0,0209
QAT_SUI;0;6;0,0072
QAT_SUI;1;0;0,0359
QAT_SUI;1;1;0,0967
QAT_SUI;1;2;0,093
QAT_SUI;1;3;0,0644
QAT_SUI;1;4;0,0334
QAT_SUI;1;5;0,0139
QAT_SUI;1;6;0,0048
QAT_SUI;2;0;0,0144
QAT_SUI;2;1;0,0298
QAT_SUI;2;2;0,031
QAT_SUI;2;3;0,0215
QAT_SUI;2;4;0,0111
QAT_SUI;2;5;0,0046
QAT_SUI;2;6;0,0016
QAT_SUI;3;0;0,0032
QAT_SUI;3;1;0,0066
QAT_SUI;3;2;0,0069
QAT_SUI;3;3;0,0048
QAT_SUI;3;4;0,0025
QAT_SUI;3;5;0,001
QAT_SUI;4;1;0,0011
QAT_SUI;4;2;0,0011
RSA_CZE;0;0;0,0623
RSA_CZE;0;1;0,094
RSA_CZE;0;2;0,0973
RSA_CZE;0;3;0,0616
RSA_CZE;0;4;0,0293
RSA_CZE;0;5;0,0111
RSA_CZE;0;6;0,0035
RSA_CZE;1;0;0,0468
RSA_CZE;1;1;0,1133
RSA_CZE;1;2;0,0996
RSA_CZE;1;3;0,0631
RSA_CZE;1;4;0,03
RSA_CZE;1;5;0,0114
RSA_CZE;1;6;0,0036
RSA_CZE;2;0;0,0283
RSA_CZE;2;1;0,0537
RSA_CZE;2;2;0,051
RSA_CZE;2;3;0,0323
RSA_CZE;2;4;0,0154
RSA_CZE;2;5;0,0058
RSA_CZE;2;6;0,0018
RSA_CZE;3;0;0,0096
RSA_CZE;3;1;0,0183
RSA_CZE;3;2;0,0174
RSA_CZE;3;3;0,011
RSA_CZE;3;4;0,0052
RSA_CZE;3;5;0,002
RSA_CZE;4;0;0,0025
RSA_CZE;4;1;0,0047
RSA_CZE;4;2;0,0045
RSA_CZE;4;3;0,0028
RSA_CZE;4;4;0,0013
RSA_KOR;0;0;0,076
RSA_KOR;0;1;0,1138
RSA_KOR;0;2;0,1113
RSA_KOR;0;3;0,0675
RSA_KOR;0;4;0,0307
RSA_KOR;0;5;0,0112
RSA_KOR;0;6;0,0034
RSA_KOR;1;0;0,0508
RSA_KOR;1;1;0,1167
RSA_KOR;1;2;0,0982
RSA_KOR;1;3;0,0595
RSA_KOR;1;4;0,0271
RSA_KOR;1;5;0,0098
RSA_KOR;1;6;0,003
RSA_KOR;2;0;0,0262
RSA_KOR;2;1;0,0477
RSA_KOR;2;2;0,0433
RSA_KOR;2;3;0,0263
RSA_KOR;2;4;0,0119
RSA_KOR;2;5;0,0043
RSA_KOR;2;6;0,0013
RSA_KOR;3;0;0,0077
RSA_KOR;3;1;0,014
RSA_KOR;3;2;0,0128
RSA_KOR;3;3;0,0077
RSA_KOR;3;4;0,0035
RSA_KOR;3;5;0,0013
RSA_KOR;4;0;0,0017
RSA_KOR;4;1;0,0031
RSA_KOR;4;2;0,0028
RSA_KOR;4;3;0,0017
SEN_FRA;0;0;0,0717
SEN_FRA;0;1;0,1052
SEN_FRA;0;2;0,1031
SEN_FRA;0;3;0,0622
SEN_FRA;0;4;0,0281
SEN_FRA;0;5;0,0102
SEN_FRA;0;6;0,0031
SEN_FRA;1;0;0,0516
SEN_FRA;1;1;0,1179
SEN_FRA;1;2;0,0988
SEN_FRA;1;3;0,0596
SEN_FRA;1;4;0,027
SEN_FRA;1;5;0,0098
SEN_FRA;1;6;0,0029
SEN_FRA;2;0;0,0289
SEN_FRA;2;1;0,0523
SEN_FRA;2;2;0,0473
SEN_FRA;2;3;0,0286
SEN_FRA;2;4;0,0129
SEN_FRA;2;5;0,0047
SEN_FRA;2;6;0,0014
SEN_FRA;3;0;0,0092
SEN_FRA;3;1;0,0167
SEN_FRA;3;2;0,0151
SEN_FRA;3;3;0,0091
SEN_FRA;3;4;0,0041
SEN_FRA;3;5;0,0015
SEN_FRA;4;0;0,0022
SEN_FRA;4;1;0,004
SEN_FRA;4;2;0,0036
SEN_FRA;4;3;0,0022
SEN_NOR;0;0;0,0792
SEN_NOR;0;1;0,0896
SEN_NOR;0;2;0,0713
SEN_NOR;0;3;0,034
SEN_NOR;0;4;0,0122
SEN_NOR;0;5;0,0035
SEN_NOR;1;0;0,0759
SEN_NOR;1;1;0,1327
SEN_NOR;1;2;0,0881
SEN_NOR;1;3;0,0421
SEN_NOR;1;4;0,0151
SEN_NOR;1;5;0,0043
SEN_NOR;1;6;0,001
SEN_NOR;2;0;0,053
SEN_NOR;2;1;0,0759
SEN_NOR;2;2;0,0544
SEN_NOR;2;3;0,026
SEN_NOR;2;4;0,0093
SEN_NOR;2;5;0,0027
SEN_NOR;3;0;0,0218
SEN_NOR;3;1;0,0313
SEN_NOR;3;2;0,0224
SEN_NOR;3;3;0,0107
SEN_NOR;3;4;0,0038
SEN_NOR;3;5;0,0011
SEN_NOR;4;0;0,0067
SEN_NOR;4;1;0,0097
SEN_NOR;4;2;0,0069
SEN_NOR;4;3;0,0033
SEN_NOR;4;4;0,0012
SEN_NOR;5;0;0,0017
SEN_NOR;5;1;0,0024
SEN_NOR;5;2;0,0017
SUI_BIH;0;0;0,0697
SUI_BIH;0;1;0,0519
SUI_BIH;0;2;0,0302
SUI_BIH;0;3;0,01
SUI_BIH;0;4;0,0025
SUI_BIH;1;0;0,1012
SUI_BIH;1;1;0,1183
SUI_BIH;1;2;0,0545
SUI_BIH;1;3;0,0181
SUI_BIH;1;4;0,0045
SUI_BIH;2;0;0,0992
SUI_BIH;2;1;0,0988
SUI_BIH;2;2;0,0492
SUI_BIH;2;3;0,0163
SUI_BIH;2;4;0,0041
SUI_BIH;3;0;0,0597
SUI_BIH;3;1;0,0595
SUI_BIH;3;2;0,0296
SUI_BIH;3;3;0,0098
SUI_BIH;3;4;0,0024
SUI_BIH;4;0;0,0269
SUI_BIH;4;1;0,0268
SUI_BIH;4;2;0,0134
SUI_BIH;4;3;0,0044
SUI_BIH;4;4;0,0011
SUI_BIH;5;0;0,0097
SUI_BIH;5;1;0,0097
SUI_BIH;5;2;0,0048
SUI_BIH;5;3;0,0016
SUI_BIH;6;0;0,0029
SUI_BIH;6;1;0,0029
SUI_BIH;6;2;0,0015
TUN_NED;0;0;0,0696
TUN_NED;0;1;0,1157
TUN_NED;0;2;0,1233
TUN_NED;0;3;0,0821
TUN_NED;0;4;0,041
TUN_NED;0;5;0,0164
TUN_NED;0;6;0,0054
TUN_NED;1;0;0,0411
TUN_NED;1;1;0,1055
TUN_NED;1;2;0,0975
TUN_NED;1;3;0,0649
TUN_NED;1;4;0,0324
TUN_NED;1;5;0,0129
TUN_NED;1;6;0,0043
TUN_NED;2;0;0,0193
TUN_NED;2;1;0,0386
TUN_NED;2;2;0,0386
TUN_NED;2;3;0,0257
TUN_NED;2;4;0,0128
TUN_NED;2;5;0,0051
TUN_NED;2;6;0,0017
TUN_NED;3;0;0,0051
TUN_NED;3;1;0,0102
TUN_NED;3;2;0,0102
TUN_NED;3;3;0,0068
TUN_NED;3;4;0,0034
TUN_NED;3;5;0,0013
TUN_NED;4;0;0,001
TUN_NED;4;1;0,002
TUN_NED;4;2;0,002
TUN_NED;4;3;0,0013
TUN_SWE;0;0;0,0726
TUN_SWE;0;1;0,0968
TUN_SWE;0;2;0,0888
TUN_SWE;0;3;0,0496
TUN_SWE;0;4;0,0207
TUN_SWE;0;5;0,0069
TUN_SWE;0;6;0,0019
TUN_SWE;1;0;0,0596
TUN_SWE;1;1;0,1245
TUN_SWE;1;2;0,0965
TUN_SWE;1;3;0,0539
TUN_SWE;1;4;0,0225
TUN_SWE;1;5;0,0076
TUN_SWE;1;6;0,0021
TUN_SWE;2;0;0,0374
TUN_SWE;2;1;0,0626
TUN_SWE;2;2;0,0524
TUN_SWE;2;3;0,0293
TUN_SWE;2;4;0,0122
TUN_SWE;2;5;0,0041
TUN_SWE;2;6;0,0011
TUN_SWE;3;0;0,0135
TUN_SWE;3;1;0,0227
TUN_SWE;3;2;0,019
TUN_SWE;3;3;0,0106
TUN_SWE;3;4;0,0044
TUN_SWE;3;5;0,0015
TUN_SWE;4;0;0,0037
TUN_SWE;4;1;0,0062
TUN_SWE;4;2;0,0052
TUN_SWE;4;3;0,0029
TUN_SWE;4;4;0,0012
TUN_SWE;5;1;0,0013
TUN_SWE;5;2;0,0011
URU_ESP;0;0;0,0616
URU_ESP;0;1;0,0991
URU_ESP;0;2;0,1071
URU_ESP;0;3;0,0713
URU_ESP;0;4;0,0356
URU_ESP;0;5;0,0142
URU_ESP;0;6;0,0047
URU_ESP;1;0;0,042
URU_ESP;1;1;0,1079
URU_ESP;1;2;0,0998
URU_ESP;1;3;0,0665
URU_ESP;1;4;0,0332
URU_ESP;1;5;0,0133
URU_ESP;1;6;0,0044
URU_ESP;2;0;0,0233
URU_ESP;2;1;0,0465
URU_ESP;2;2;0,0465
URU_ESP;2;3;0,031
URU_ESP;2;4;0,0155
URU_ESP;2;5;0,0062
URU_ESP;2;6;0,0021
URU_ESP;3;0;0,0072
URU_ESP;3;1;0,0145
URU_ESP;3;2;0,0145
URU_ESP;3;3;0,0096
URU_ESP;3;4;0,0048
URU_ESP;3;5;0,0019
URU_ESP;4;0;0,0017
URU_ESP;4;1;0,0034
URU_ESP;4;2;0,0034
URU_ESP;4;3;0,0022
URU_ESP;4;4;0,0011
USA_TUR;0;0;0,0757
USA_TUR;0;1;0,0845
USA_TUR;0;2;0,0673
USA_TUR;0;3;0,032
USA_TUR;0;4;0,0114
USA_TUR;0;5;0,0033
USA_TUR;1;0;0,0755
USA_TUR;1;1;0,1314
USA_TUR;1;2;0,0869
USA_TUR;1;3;0,0413
USA_TUR;1;4;0,0148
USA_TUR;1;5;0,0042
USA_TUR;1;6;0,001
USA_TUR;2;0;0,055
USA_TUR;2;1;0,0786
USA_TUR;2;2;0,0561
USA_TUR;2;3;0,0267
USA_TUR;2;4;0,0095
USA_TUR;2;5;0,0027
USA_TUR;3;0;0,0237
USA_TUR;3;1;0,0338
USA_TUR;3;2;0,0241
USA_TUR;3;3;0,0115
USA_TUR;3;4;0,0041
USA_TUR;3;5;0,0012
USA_TUR;4;0;0,0076
USA_TUR;4;1;0,0109
USA_TUR;4;2;0,0078
USA_TUR;4;3;0,0037
USA_TUR;4;4;0,0013
USA_TUR;5;0;0,002
USA_TUR;5;1;0,0028
USA_TUR;5;2;0,002
UZB_POR;0;0;0,0635
UZB_POR;0;1;0,0942
UZB_POR;0;2;0,0959
UZB_POR;0;3;0,0597
UZB_POR;0;4;0,0279
UZB_POR;0;5;0,0104
UZB_POR;0;6;0,0032
UZB_POR;1;0;0,0485
UZB_POR;1;1;0,115
UZB_POR;1;2;0,0994
UZB_POR;1;3;0,0619
UZB_POR;1;4;0,0289
UZB_POR;1;5;0,0108
UZB_POR;1;6;0,0034
UZB_POR;2;0;0,0295
UZB_POR;2;1;0,0551
UZB_POR;2;2;0,0515
UZB_POR;2;3;0,032
UZB_POR;2;4;0,015
UZB_POR;2;5;0,0056
UZB_POR;2;6;0,0017
UZB_POR;3;0;0,0102
UZB_POR;3;1;0,019
UZB_POR;3;2;0,0178
UZB_POR;3;3;0,0111
UZB_POR;3;4;0,0052
UZB_POR;3;5;0,0019
UZB_POR;4;0;0,0026
UZB_POR;4;1;0,0049
UZB_POR;4;2;0,0046
UZB_POR;4;3;0,0029
UZB_POR;4;4;0,0013
UZB_POR;5;1;0,001
